date,area,road,volume,speed,tti,congestion,capacity_util,incidents,env_impact,pt_usage,signal_compliance,parking_usage,ped_count,weather,roadwork,intersection_id,roadwork_flag,is_synthetic
2024-07-06,Electronic City,Hosur Road,20618.2,50.56533184234195,1.327824134671648,72.68972999793601,99.49801755964877,1.6,91.23639999999999,23.557295732450907,79.07514649791018,81.41310806370826,100.4,Clear,No,Electronic City::Hosur Road,0,1
2024-07-07,Electronic City,Hosur Road,20326.4,52.931756519035254,1.275940195860586,71.96620485297727,98.99603511929753,1.2,90.6528,22.267020297819585,80.39761700355417,79.64793415558697,99.8,Clear,No,Electronic City::Hosur Road,0,1
2024-07-08,Electronic City,Hosur Road,20034.6,55.29818119572855,1.2240562570495244,71.24267970801851,98.4940526789463,0.7999999999999999,90.0692,20.976744863188266,81.72008750919817,77.88276024746565,99.2,Clear,No,Electronic City::Hosur Road,0,1
2024-07-09,Electronic City,Hosur Road,19742.8,57.66460587242186,1.1721723182384625,70.51915456305977,97.99207023859506,0.3999999999999999,89.4856,19.686469428556943,83.04255801484216,76.11758633934436,98.6,Clear,No,Electronic City::Hosur Road,0,1
2024-07-10,Electronic City,Hosur Road,19451.0,60.03103054911516,1.1202883794274008,69.79562941810103,97.49008779824383,0.0,88.902,18.39619399392562,84.36502852048615,74.35241243122306,98.0,Clear,No,Electronic City::Hosur Road,0,0
2024-07-11,Electronic City,Hosur Road,16267.333333333334,50.34607135227793,1.1984270072983834,57.615222751498955,82.76584226336472,0.0,82.53466666666667,33.71180803072585,77.46474568850925,79.8924327173261,130.33333333333334,Clear,No,Electronic City::Hosur Road,0,1
2024-07-12,Electronic City,Hosur Road,13083.666666666668,40.661112155440705,1.2765656351693657,45.43481608489688,68.0415967284856,0.0,76.16733333333333,49.027422067526075,70.56446285653237,85.43245300342913,162.66666666666669,Clear,No,Electronic City::Hosur Road,0,1
2024-07-13,Electronic City,Hosur Road,9900.0,30.97615295860348,1.3547042630403483,33.2544094182948,53.31735119360649,0.0,69.8,64.3430361043263,63.664180024555485,90.97247328953218,195.0,Overcast,No,Electronic City::Hosur Road,0,0
2024-07-14,Electronic City,Hosur Road,15160.0,27.804464097975824,1.1840305366105004,52.174518759319334,76.65867559680325,0.5,80.32,43.95503342356037,67.97480556926403,89.09602350216329,153.0,Overcast,No,Electronic City::Hosur Road,0,1
2024-07-15,Electronic City,Hosur Road,20420.0,24.632775237348167,1.0133568101806527,71.09462810034387,100.0,1.0,90.84,23.567030742794447,72.28543111397259,87.21957371479442,111.0,Clear,No,Electronic City::Hosur Road,0,0
2024-07-16,Electronic City,Hosur Road,17388.75,28.791762779990282,1.0537460047581961,62.376660391192566,85.69020576791249,0.75,84.7775,20.303885622704943,75.327329421734,82.91983449618041,133.0,Clear,No,Electronic City::Hosur Road,0,1
2024-07-17,Electronic City,Hosur Road,14357.5,32.950750322632395,1.0941351993357396,53.65869268204126,71.38041153582498,0.5,78.715,17.040740502615442,78.3692277294954,78.6200952775664,155.0,Clear,No,Electronic City::Hosur Road,0,1
2024-07-18,Electronic City,Hosur Road,11326.25,37.10973786527451,1.1345243939132827,44.94072497288997,57.07061730373747,0.25,72.6525,13.777595382525938,81.41112603725682,74.32035605895238,177.0,Clear,No,Electronic City::Hosur Road,0,1
2024-07-19,Electronic City,Hosur Road,8295.0,41.26872540791663,1.1749135884908262,36.222757263738664,42.76082307164996,0.0,66.59,10.514450262436435,84.45302434501824,70.02061684033838,199.0,Clear,No,Electronic City::Hosur Road,0,0
2024-07-20,Electronic City,Hosur Road,20541.0,48.10363574311432,1.2877971932113157,71.42886105669304,100.0,2.0,91.082,17.370954177051868,92.241990329496,83.73005900440299,100.0,Fog,No,Electronic City::Hosur Road,0,0
2024-07-21,Electronic City,Hosur Road,17948.666666666668,51.378407533149385,1.272110849908173,62.04724254997161,86.69883806657795,1.6666666666666667,85.89733333333332,26.244891659452925,91.71155780700177,84.44671892617076,120.83333333333333,Fog,No,Electronic City::Hosur Road,0,1
2024-07-22,Electronic City,Hosur Road,15356.333333333332,54.653179323184446,1.2564245066050301,52.665624043250176,73.3976761331559,1.3333333333333335,80.71266666666666,35.118829141853986,91.18112528450753,85.16337884793853,141.66666666666666,Fog,No,Electronic City::Hosur Road,0,1
2024-07-23,Electronic City,Hosur Road,12764.0,57.92795111321951,1.2407381633018875,43.28400553652875,60.09651419973384,1.0,75.52799999999999,43.99276662425505,90.65069276201329,85.8800387697063,162.5,Fog,No,Electronic City::Hosur Road,0,1
2024-07-24,Electronic City,Hosur Road,10171.666666666666,61.202722903254575,1.2250518199987448,33.90238702980732,46.79535226631179,0.6666666666666667,70.34333333333333,52.8667041066561,90.12026023951907,86.59669869147406,183.33333333333331,Fog,No,Electronic City::Hosur Road,0,1
2024-07-25,Electronic City,Hosur Road,7579.333333333332,64.47749469328964,1.209365476695602,24.52076852308589,33.49419033288974,0.3333333333333334,65.15866666666666,61.74064158905716,89.58982771702483,87.31335861324183,204.16666666666666,Fog,No,Electronic City::Hosur Road,0,1
2024-07-26,Electronic City,Hosur Road,4987.0,67.7522664833247,1.1936791333924592,15.139150016364471,20.19302839946768,0.0,59.974,70.61457907145822,89.0593951945306,88.0300185350096,225.0,Clear,No,Electronic City::Hosur Road,0,0
2024-07-27,Electronic City,Hosur Road,11217.25,59.345183413753475,1.2702593500443444,36.354362512273354,40.14477129960076,0.75,72.4345,57.91433358177292,88.61184781166368,86.44123013262546,197.0,Clear,No,Electronic City::Hosur Road,0,1
2024-07-28,Electronic City,Hosur Road,17447.5,50.93810034418225,1.3468395666962296,57.56957500818224,60.09651419973384,1.5,84.895,45.21408809208763,88.16430042879676,84.85244173024134,169.0,Clear,No,Electronic City::Hosur Road,0,1
2024-07-29,Electronic City,Hosur Road,23677.75,42.53101727461103,1.4234197833481148,78.78478750409113,80.04825709986692,2.25,97.3555,32.513842602402335,87.71675304592985,83.26365332785721,141.0,Clear,No,Electronic City::Hosur Road,0,1
2024-07-30,Electronic City,Hosur Road,29908.0,34.1239342050398,1.5,100.0,100.0,3.0,109.816,19.81359711271703,87.26920566306293,81.67486492547307,113.0,Clear,No,Electronic City::Hosur Road,0,0
2024-07-31,Electronic City,Hosur Road,19954.5,35.55749857315235,1.395925571580035,66.77018149031373,74.71687228387695,1.5,89.90899999999999,35.48037342663697,93.49866105115254,81.70639746963971,164.0,Clear,No,Electronic City::Hosur Road,0,1
2024-08-01,Electronic City,Hosur Road,10001.0,36.9910629412649,1.29185114316007,33.54036298062746,49.43374456775391,0.0,70.002,51.14714974055691,99.72811643924214,81.73793001380633,215.0,Overcast,No,Electronic City::Hosur Road,0,0
2024-08-02,Electronic City,Hosur Road,13472.0,44.08998288958246,1.1544889244644474,44.75309235997871,66.52058158106722,0.0,76.94399999999999,32.15344199013568,87.33301656602424,67.24233230443936,166.5,Overcast,No,Electronic City::Hosur Road,0,1
2024-08-03,Electronic City,Hosur Road,16943.0,51.18890283790002,1.017126705768825,55.965821739329954,83.60741859438053,0.0,83.886,13.15973423971445,74.93791669280633,52.746734595072375,118.0,Overcast,No,Electronic City::Hosur Road,0,0
2024-08-04,Electronic City,Hosur Road,17535.0,49.97524950361695,1.1995477731717505,53.98728958029532,89.29640303947318,0.5,85.07,15.069085546977634,86.76206357099724,73.31378116983744,121.5,Overcast,No,Electronic City::Hosur Road,0,1
2024-08-05,Electronic City,Hosur Road,18127.0,48.76159616933389,1.381968840574676,52.00875742126068,94.98538748456582,1.0,86.25399999999999,16.97843685424082,98.58621044918816,93.88082774460251,125.0,Clear,No,Electronic City::Hosur Road,0,0
2024-08-06,Electronic City,Hosur Road,14428.0,39.98012771851333,1.3154822578829075,43.331821802319865,74.70723623462536,0.0,78.856,22.303253206577462,96.41021525843816,71.46915350921083,205.0,Clear,No,Electronic City::Hosur Road,0,0
2024-08-07,Electronic City,Hosur Road,15234.0,41.69813219123506,1.1549746541221957,54.68445152040799,72.26285698728132,0.0,80.468,18.7668687151782,64.01814153848808,53.68426026169821,97.0,Clear,No,Electronic City::Hosur Road,0,0
2024-08-08,Electronic City,Hosur Road,13310.5,32.56920402156247,1.2086791947866933,45.27796703843529,64.80867175587247,0.5,76.62100000000001,20.14507876199859,73.77424686281711,75.79126952390638,154.0,Clear,No,Electronic City::Hosur Road,0,1
2024-08-09,Electronic City,Hosur Road,11387.0,23.440275851889886,1.2623837354511909,35.871482556462595,57.354486524463624,1.0,72.774,21.523288808818975,83.53035218714612,97.89827878611456,211.0,Fog,No,Electronic City::Hosur Road,0,0
2024-07-05,Electronic City,Silk Board Junction,21402.529411764706,29.748261365786508,1.1906751224718974,66.62568990480737,100.0,0.5294117647058824,92.80505882352942,50.45905763637618,90.46878411106043,69.08632997544629,104.6470588235294,Clear,Yes,Electronic City::Silk Board Junction,0,1
2024-07-06,Electronic City,Silk Board Junction,21486.58823529412,30.086381347014918,1.1711958810850291,66.26616146738122,100.0,0.5882352941176471,92.97317647058824,53.624127091080034,89.50083455301585,70.26138758228782,104.94117647058823,Clear,Yes,Electronic City::Silk Board Junction,0,1
2024-07-07,Electronic City,Silk Board Junction,21570.647058823528,30.424501328243327,1.1517166396981608,65.90663302995507,100.0,0.6470588235294118,93.14129411764706,56.78919654578388,88.53288499497125,71.43644518912936,105.23529411764706,Clear,Yes,Electronic City::Silk Board Junction,0,1
2024-07-08,Electronic City,Silk Board Junction,21654.70588235294,30.76262130947174,1.1322373983112923,65.54710459252892,100.0,0.7058823529411764,93.30941176470589,59.954266000487735,87.56493543692667,72.61150279597088,105.52941176470588,Clear,Yes,Electronic City::Silk Board Junction,0,1
2024-07-09,Electronic City,Silk Board Junction,21738.764705882353,31.10074129070015,1.112758156924424,65.18757615510279,100.0,0.7647058823529411,93.4775294117647,63.11933545519158,86.5969858788821,73.78656040281241,105.82352941176471,Clear,Yes,Electronic City::Silk Board Junction,0,1
2024-07-10,Electronic City,Silk Board Junction,21822.823529411766,31.438861271928563,1.0932789155375557,64.82804771767664,100.0,0.8235294117647058,93.64564705882353,66.28440490989543,85.62903632083751,74.96161800965395,106.11764705882354,Clear,Yes,Electronic City::Silk Board Junction,0,1
2024-07-11,Electronic City,Silk Board Junction,21906.882352941175,31.776981253156972,1.0737996741506874,64.46851928025049,100.0,0.8823529411764706,93.81376470588236,69.44947436459928,84.66108676279292,76.13667561649548,106.41176470588235,Clear,Yes,Electronic City::Silk Board Junction,0,1
2024-07-12,Electronic City,Silk Board Junction,21990.941176470587,32.115101234385385,1.0543204327638191,64.10899084282434,100.0,0.9411764705882353,93.98188235294118,72.61454381930314,83.69313720474834,77.311733223337,106.70588235294117,Clear,Yes,Electronic City::Silk Board Junction,0,1
2024-07-13,Electronic City,Silk Board Junction,22075.0,32.453221215613794,1.0348411913769509,63.7494624053982,100.0,1.0,94.15,75.77961327400698,82.72518764670376,78.48679083017853,107.0,Clear,No,Electronic City::Silk Board Junction,0,0
2024-07-14,Electronic City,Silk Board Junction,21374.875,30.926160046378993,1.042824813104871,62.978453877419696,97.41004661555709,0.875,92.74975,70.91864018211655,81.64197523810358,77.27538831238613,105.875,Clear,No,Electronic City::Silk Board Junction,0,1
2024-07-15,Electronic City,Silk Board Junction,20674.75,29.39909887714419,1.050808434832791,62.207445349441194,94.82009323111419,0.75,91.3495,66.05766709022613,80.55876282950341,76.06398579459373,104.75,Clear,No,Electronic City::Silk Board Junction,0,1
2024-07-16,Electronic City,Silk Board Junction,19974.625,27.87203770790939,1.0587920565607112,61.43643682146269,92.23013984667128,0.625,89.94925,61.196693998335704,79.47555042090323,74.85258327680134,103.625,Clear,No,Electronic City::Silk Board Junction,0,1
2024-07-17,Electronic City,Silk Board Junction,19274.5,26.344976538674587,1.0667756782886313,60.66542829348418,89.64018646222837,0.5,88.549,56.33572090644528,78.39233801230307,73.64118075900893,102.5,Clear,No,Electronic City::Silk Board Junction,0,1
2024-07-18,Electronic City,Silk Board Junction,18574.375,24.817915369439785,1.0747593000165516,59.89441976550568,87.05023307778548,0.375,87.14875,51.47474781455486,77.3091256037029,72.42977824121652,101.375,Clear,No,Electronic City::Silk Board Junction,0,1
2024-07-19,Electronic City,Silk Board Junction,17874.25,23.290854200204983,1.0827429217444717,59.12341123752718,84.46027969334257,0.25,85.7485,46.61377472266443,76.22591319510272,71.21837572342413,100.25,Clear,No,Electronic City::Silk Board Junction,0,1
2024-07-20,Electronic City,Silk Board Junction,17174.125,21.76379303097018,1.0907265434723918,58.35240270954868,81.87032630889966,0.125,84.34825000000001,41.75280163077401,75.14270078650254,70.00697320563174,99.125,Clear,No,Electronic City::Silk Board Junction,0,1
2024-07-21,Electronic City,Silk Board Junction,16474.0,20.23673186173538,1.098710165200312,57.581394181570175,79.28037292445676,0.0,82.94800000000001,36.89182853888359,74.05948837790237,68.79557068783933,98.0,Clear,No,Electronic City::Silk Board Junction,0,0
2024-07-22,Electronic City,Silk Board Junction,14829.333333333334,28.35375520095215,1.1797999066337876,49.61926475071045,72.80735976275787,0.0,79.65866666666668,50.21648030190849,80.27483720904274,63.48710382732255,124.66666666666667,Clear,No,Electronic City::Silk Board Junction,0,1
2024-07-23,Electronic City,Silk Board Junction,13184.666666666666,36.47077854016892,1.2608896480672633,41.65713531985072,66.334346601059,0.0,76.36933333333333,63.54113206493339,86.4901860401831,58.178636966805776,151.33333333333334,Clear,No,Electronic City::Silk Board Junction,0,1
2024-07-24,Electronic City,Silk Board Junction,11540.0,44.587801879385694,1.341979389500739,33.69500588899099,59.86133343936011,0.0,73.08,76.8657838279583,92.70553487132348,52.870170106288995,178.0,Clear,No,Electronic City::Silk Board Junction,0,0
2024-07-25,Electronic City,Silk Board Junction,14842.4,43.566342458378124,1.3735835116005912,46.666945605310694,67.88906675148809,0.6,79.6848,76.95037071856152,88.55582504209691,60.53503497847962,162.8,Clear,No,Electronic City::Silk Board Junction,0,1
2024-07-26,Electronic City,Silk Board Junction,18144.8,42.54488303737055,1.4051876337004434,59.6388853216304,75.91680006361607,1.2,86.2896,77.03495760916475,84.40611521287035,68.19989985067025,147.6,Clear,No,Electronic City::Silk Board Junction,0,1
2024-07-27,Electronic City,Silk Board Junction,21447.2,41.523423616362976,1.4367917558002956,72.61082503795011,83.94453337574404,1.7999999999999998,92.8944,77.11954449976797,80.25640538364378,75.86476472286087,132.4,Clear,No,Electronic City::Silk Board Junction,0,1
2024-07-28,Electronic City,Silk Board Junction,24749.6,40.501964195355406,1.4683958779001478,85.58276475426982,91.97226668787202,2.4,99.4992,77.2041313903712,76.10669555441721,83.52962959505149,117.2,Clear,No,Electronic City::Silk Board Junction,0,1
2024-07-29,Electronic City,Silk Board Junction,28052.0,39.480504774347835,1.5,98.55470447058951,100.0,3.0,106.104,77.28871828097442,71.95698572519065,91.19449446724212,102.0,Clear,No,Electronic City::Silk Board Junction,0,0
2024-07-30,Electronic City,Silk Board Junction,28018.0,44.91918638360709,1.5,100.0,100.0,2.0,106.036,65.06176264234836,84.00986142645473,78.12890428521843,100.0,Clear,No,Electronic City::Silk Board Junction,0,0
2024-07-31,Electronic City,Silk Board Junction,20560.0,34.78045174172663,1.1529177981929772,75.50154512954258,100.0,4.0,91.12,23.17594085192916,89.53203735383053,79.74170531829208,88.0,Overcast,No,Electronic City::Silk Board Junction,0,0
2024-08-01,Electronic City,Silk Board Junction,15323.0,49.781558973033825,1.0337193833854346,46.4021257864935,79.0118113851343,1.0,80.646,14.405940382567197,72.17600475377871,98.51568786816466,88.0,Rain,No,Electronic City::Silk Board Junction,0,0
2024-08-02,Electronic City,Silk Board Junction,17220.428571428572,47.17244419352054,1.1003309000446582,52.70033174774777,82.01012404440083,1.2857142857142856,84.44085714285714,16.315269564668608,73.20286588783118,93.71665757686702,85.85714285714286,Rain,No,Electronic City::Silk Board Junction,0,1
2024-08-03,Electronic City,Silk Board Junction,19117.85714285714,44.563329414007256,1.1669424167038818,58.998537709002036,85.00843670366736,1.5714285714285714,88.23571428571428,18.22459874677002,74.22972702188366,88.91762728556938,83.71428571428571,Rain,No,Electronic City::Silk Board Junction,0,1
2024-08-04,Electronic City,Silk Board Junction,21015.285714285714,41.954214634493965,1.2335539333631054,65.2967436702563,88.00674936293389,1.8571428571428572,92.03057142857142,20.133927928871433,75.25658815593613,84.11859699427174,81.57142857142857,Rain,No,Electronic City::Silk Board Junction,0,1
2024-08-05,Electronic City,Silk Board Junction,22912.714285714286,39.34509985498068,1.300165450022329,71.59494963151059,91.0050620222004,2.142857142857143,95.82542857142857,22.043257110972846,76.28344928998861,79.3195667029741,79.42857142857143,Rain,No,Electronic City::Silk Board Junction,0,1
2024-08-06,Electronic City,Silk Board Junction,24810.142857142855,36.7359850754674,1.3667769666815528,77.89315559276486,94.00337468146694,2.4285714285714284,99.62028571428571,23.95258629307426,77.31031042404108,74.52053641167646,77.28571428571429,Rain,No,Electronic City::Silk Board Junction,0,1
2024-08-07,Electronic City,Silk Board Junction,26707.571428571428,34.12687029595411,1.4333884833407764,84.19136155401912,97.00168734073347,2.7142857142857144,103.41514285714285,25.86191547517567,78.33717155809356,69.72150612037882,75.14285714285714,Rain,No,Electronic City::Silk Board Junction,0,1
2024-08-08,Electronic City,Silk Board Junction,28605.0,31.517755516440825,1.5,90.4895675152734,100.0,3.0,107.21,27.771244657277084,79.36403269214603,64.92247582908118,73.0,Clear,No,Electronic City::Silk Board Junction,0,0
2024-07-05,Hebbal,Ballari Road,30408.666666666668,28.77228208389561,1.5,96.44125762704934,100.0,1.6666666666666665,110.81733333333334,62.76757812437974,68.522940791959,78.1321796106153,106.33333333333333,Rain,No,Hebbal::Ballari Road,0,1
2024-07-06,Hebbal,Ballari Road,31418.0,30.369716375251045,1.5,100.0,100.0,2.0,112.836,73.39783169524219,64.8129620653708,70.65474001809409,108.0,Clear,No,Hebbal::Ballari Road,0,0
2024-07-07,Hebbal,Ballari Road,26724.0,37.66177178135905,1.3494405349713352,85.59634436458406,100.0,2.5,103.44800000000001,65.17997283794904,76.43562593342205,62.271837963406995,105.0,Clear,No,Hebbal::Ballari Road,0,1
2024-07-08,Hebbal,Ballari Road,22030.0,44.95382718746706,1.1988810699426704,71.19268872916811,100.0,3.0,94.06,56.962113980655886,88.05828980147328,53.8889359087199,102.0,Rain,No,Hebbal::Ballari Road,0,0
2024-07-09,Hebbal,Ballari Road,21771.5,39.828418587776234,1.2090901683023279,68.82780464213545,100.0,1.5,93.543,50.172218409580836,83.33121002259335,53.66334344397296,92.5,Rain,No,Hebbal::Ballari Road,0,1
2024-07-10,Hebbal,Ballari Road,21513.0,34.703009988085405,1.2192992666619855,66.46292055510278,100.0,0.0,93.026,43.38232283850579,78.60413024371343,53.43775097922603,83.0,Overcast,No,Hebbal::Ballari Road,0,0
2024-07-11,Hebbal,Ballari Road,33059.0,43.11790434086598,1.3596496333309926,83.23146027755139,100.0,1.5,116.118,36.03885026862871,82.70434842552305,75.12177756101427,88.5,Overcast,No,Hebbal::Ballari Road,0,1
2024-07-12,Hebbal,Ballari Road,44605.0,51.53279869364655,1.5,100.0,100.0,3.0,139.20999999999998,28.695377698751617,86.80456660733266,96.80580414280251,94.0,Clear,No,Hebbal::Ballari Road,0,0
2024-07-13,Hebbal,Ballari Road,25906.0,36.01793172177003,1.5,83.20890085647315,100.0,2.0,101.812,19.00612699360982,80.67517653178129,62.10685217737368,112.0,Fog,No,Hebbal::Ballari Road,0,0
2024-07-14,Hebbal,Ballari Road,19549.0,28.698276379602817,1.267223624614518,56.03142354780776,99.66455282931236,0.0,89.098,34.474984592837586,69.08790402695895,56.65213161327576,105.0,Rain,No,Hebbal::Ballari Road,0,0
2024-07-15,Hebbal,Ballari Road,19316.0,40.85518206727754,1.0317387943014829,59.5512102649446,93.99321791354552,0.0,88.632,25.711648074053677,68.9964992058863,90.8637482663805,107.0,Clear,No,Hebbal::Ballari Road,0,0
2024-07-16,Hebbal,Ballari Road,42107.0,20.0,1.5,100.0,100.0,1.0,134.214,11.762901605445334,76.9195733527152,64.53197425329935,76.0,Clear,No,Hebbal::Ballari Road,0,0
2024-07-17,Hebbal,Ballari Road,37901.0,31.42515605546491,1.5,100.0,100.0,6.0,125.802,20.956048919200857,74.16408691427006,66.3398825470176,94.0,Clear,No,Hebbal::Ballari Road,0,0
2024-07-18,Hebbal,Ballari Road,27920.0,36.667455928490334,1.44162175097491,83.30194322359952,94.72053513937806,3.5,105.84,21.162188056719216,70.2789237661666,61.652879558615346,97.0,Clear,No,Hebbal::Ballari Road,0,1
2024-07-19,Hebbal,Ballari Road,17939.0,41.90975580151576,1.3832435019498202,66.60388644719905,89.4410702787561,1.0,85.878,21.36832719423758,66.39376061806315,56.9658765702131,100.0,Rain,No,Hebbal::Ballari Road,0,0
2024-07-20,Hebbal,Ballari Road,29806.0,30.95487790075788,1.44162175097491,83.30194322359952,94.72053513937806,2.0,109.612,32.11597450919699,72.39240782663398,77.24920939049099,104.5,Rain,No,Hebbal::Ballari Road,0,1
2024-07-21,Hebbal,Ballari Road,41673.0,20.0,1.5,100.0,100.0,3.0,133.346,42.8636218241564,78.3910550352048,97.5325422107689,109.0,Clear,Yes,Hebbal::Ballari Road,1,0
2024-07-22,Hebbal,Ballari Road,19750.0,65.31941677584705,1.0733010087245412,70.88464658684565,97.17502933636968,3.0,89.5,75.77231153332141,83.40823210218004,87.76032816692165,75.0,Clear,No,Hebbal::Ballari Road,0,0
2024-07-23,Hebbal,Ballari Road,25566.5,50.877466500320395,1.2866505043622705,85.44232329342282,98.58751466818484,2.5,101.13300000000001,73.80330407580354,73.77478704551858,93.80334533844527,89.0,Clear,No,Hebbal::Ballari Road,0,1
2024-07-24,Hebbal,Ballari Road,31383.0,36.435516224793744,1.5,100.0,100.0,2.0,112.766,71.83429661828565,64.14134198885712,99.84636250996888,103.0,Clear,No,Hebbal::Ballari Road,0,0
2024-07-25,Hebbal,Ballari Road,26138.0,40.8392237999757,1.3701894309588163,80.12367976686727,100.0,1.5,102.27600000000001,42.618590022220936,68.12680961507745,75.76912129703867,99.0,Clear,No,Hebbal::Ballari Road,0,1
2024-07-26,Hebbal,Ballari Road,20893.0,45.24293137515765,1.2403788619176326,60.247359533734524,100.0,1.0,91.786,13.402883426156222,72.11227724129778,51.69188008410844,95.0,Overcast,No,Hebbal::Ballari Road,0,0
2024-07-27,Hebbal,Ballari Road,24296.5,42.99612795882734,1.3701894309588163,74.32496882225422,100.0,1.0,98.593,13.989769980227827,71.79355622025085,59.847697382047556,96.5,Overcast,No,Hebbal::Ballari Road,0,1
2024-07-28,Hebbal,Ballari Road,27700.0,40.74932454249702,1.5,88.40257811077392,100.0,1.0,105.4,14.576656534299431,71.47483519920394,68.00351467998667,98.0,Clear,No,Hebbal::Ballari Road,0,0
2024-07-29,Hebbal,Ballari Road,18400.0,53.28282116697815,1.0364814098226929,58.90236141976274,96.4095746256978,0.0,86.8,56.186775865240215,91.1543025592532,86.61441276398321,102.0,Windy,No,Hebbal::Ballari Road,0,0
2024-07-30,Hebbal,Ballari Road,31793.0,55.70130621485104,1.5,100.0,100.0,1.0,113.586,64.28149029730504,98.5960714293926,96.1647656351914,116.0,Clear,No,Hebbal::Ballari Road,0,0
2024-07-31,Hebbal,Ballari Road,28909.666666666668,54.71307429979537,1.3576826682104939,94.78019639214227,100.0,2.0,107.81933333333333,60.788300841503094,91.97505631227183,84.02314501026476,110.0,Clear,No,Hebbal::Ballari Road,0,1
2024-08-01,Hebbal,Ballari Road,26026.333333333332,53.7248423847397,1.2153653364209875,89.56039278428456,100.0,3.0,102.05266666666667,57.295111385701155,85.35404119515105,71.8815243853381,104.0,Clear,No,Hebbal::Ballari Road,0,1
2024-08-02,Hebbal,Ballari Road,23143.0,52.73661046968404,1.0730480046314814,84.34058917642683,100.0,4.0,96.286,53.80192192989921,78.73302607803029,59.73990376041145,98.0,Clear,No,Hebbal::Ballari Road,0,0
2024-08-03,Hebbal,Ballari Road,18183.0,39.86700714659076,1.016556504018642,64.2595566394032,91.85948799782264,0.0,86.366,35.401402382069506,71.79405874614592,55.74775317144847,94.0,Clear,No,Hebbal::Ballari Road,0,0
2024-08-04,Hebbal,Ballari Road,24674.5,35.92679675252407,1.258278252009321,82.1297783197016,95.92974399891132,2.0,99.34899999999999,33.225369232469426,72.55855260778773,75.08903534545307,93.0,Clear,No,Hebbal::Ballari Road,0,1
2024-08-05,Hebbal,Ballari Road,31166.0,31.98658635845738,1.5,100.0,100.0,4.0,112.332,31.049336082869345,73.32304646942956,94.43031751945767,92.0,Clear,No,Hebbal::Ballari Road,0,0
2024-08-06,Hebbal,Ballari Road,8985.0,40.754301136034464,1.2174618604037395,33.69998853625061,43.85053129686104,2.0,67.97,14.424300580669517,74.74314847090103,85.39018784894355,218.0,Clear,No,Hebbal::Ballari Road,0,0
2024-08-07,Hebbal,Ballari Road,9774.0,40.51672157714299,1.3006186744136583,32.08169809360052,46.66920574361979,1.0,69.548,34.51033083546155,85.6122023738499,84.21919984601816,202.5,Clear,No,Hebbal::Ballari Road,0,1
2024-08-08,Hebbal,Ballari Road,10563.0,40.27914201825152,1.383775488423577,30.46340765095043,49.48788019037854,0.0,71.126,54.59636109025359,96.48125627679876,83.04821184309276,187.0,Clear,No,Hebbal::Ballari Road,0,0
2024-07-05,Hebbal,Hebbal Flyover,20541.0,44.30088793870541,1.365712305838693,77.48158369687145,97.7375649794453,2.0,91.082,46.398117014177,73.2238467678752,67.10385381320025,101.0,Rain,No,Hebbal::Hebbal Flyover,0,0
2024-07-06,Hebbal,Hebbal Flyover,24669.0,34.104295356676445,1.007954394225402,74.48506688094078,100.0,3.0,99.338,53.710852241836456,77.23157558001984,68.12573722334281,85.0,Windy,No,Hebbal::Hebbal Flyover,0,0
2024-07-07,Hebbal,Hebbal Flyover,16942.0,42.8936344186808,1.070181238101522,55.95472835726997,82.43527894398973,0.0,83.884,27.876497805444743,89.89835958141002,55.44533990893062,84.0,Clear,No,Hebbal::Hebbal Flyover,0,0
2024-07-08,Hebbal,Hebbal Flyover,48259.0,55.40796883168623,1.5,100.0,100.0,2.0,146.518,48.22424372508719,82.19648189041882,52.31585092086493,98.0,Clear,No,Hebbal::Hebbal Flyover,0,0
2024-07-09,Hebbal,Hebbal Flyover,28897.0,55.45331561438337,1.397120596187996,64.31121333641393,76.07792363700813,1.0,107.794,41.50395463038414,90.6782240953682,55.344705844086505,150.0,Clear,No,Hebbal::Hebbal Flyover,0,1
2024-07-10,Hebbal,Hebbal Flyover,9535.0,55.498662397080516,1.2942411923759918,28.622426672827864,52.15584727401624,0.0,69.07,34.78366553568109,99.15996630031758,58.37356076730807,202.0,Overcast,No,Hebbal::Hebbal Flyover,0,0
2024-07-11,Hebbal,Hebbal Flyover,11734.333333333334,54.07551045873017,1.3163744174595118,40.277395911736676,61.83647783841956,0.0,73.46866666666666,49.17082182637918,91.87639501268329,62.96005967403287,167.0,Overcast,No,Hebbal::Hebbal Flyover,0,1
2024-07-12,Hebbal,Hebbal Flyover,13933.666666666668,52.652358520379835,1.338507642543032,51.93236515064549,71.51710840282288,0.0,77.86733333333332,63.557978117077276,84.592823725049,67.54655858075766,132.0,Overcast,No,Hebbal::Hebbal Flyover,0,1
2024-07-13,Hebbal,Hebbal Flyover,16133.0,51.22920658202949,1.360640867626552,63.5873343895543,81.1977389672262,0.0,82.26599999999999,77.94513440777537,77.30925243741471,72.13305748748246,97.0,Clear,No,Hebbal::Hebbal Flyover,0,0
2024-07-14,Hebbal,Hebbal Flyover,23607.0,56.42879133961122,1.3218708154538996,83.32547239734944,100.0,1.0,97.214,70.99420331167615,63.77752875748519,90.13407130776926,105.0,Windy,No,Hebbal::Hebbal Flyover,0,0
2024-07-15,Hebbal,Hebbal Flyover,19075.0,38.18753826449329,1.0639767047980146,69.62724250370835,90.96397797725324,0.0,88.15,52.15748675438735,99.74067757758482,96.00819487592568,103.0,Clear,No,Hebbal::Hebbal Flyover,0,0
2024-07-16,Hebbal,Hebbal Flyover,17825.0,38.263979842819936,1.1352883011754815,62.66970875338982,84.75974964804024,0.0,85.65,30.52978751184165,68.39861491615748,94.88969184730206,112.0,Overcast,No,Hebbal::Hebbal Flyover,0,0
2024-07-17,Hebbal,Hebbal Flyover,29847.0,30.0976207340414,1.5,91.90175811658456,100.0,1.0,109.694,63.10287909071071,68.05027100843476,50.73792335056924,96.0,Clear,No,Hebbal::Hebbal Flyover,0,0
2024-07-18,Hebbal,Hebbal Flyover,31155.0,38.67453341860249,1.5,100.0,100.0,1.0,112.31,23.553360180783507,98.87973917164436,70.67649873235487,97.0,Clear,No,Hebbal::Hebbal Flyover,0,0
2024-07-19,Hebbal,Hebbal Flyover,26028.0,42.388440492435585,1.4028328077663432,82.06749827354992,87.4303122367238,1.25,102.056,25.3534177081785,98.94349009762743,69.43697320567152,124.75,Clear,No,Hebbal::Hebbal Flyover,0,1
2024-07-20,Hebbal,Hebbal Flyover,20901.0,46.102347566268676,1.3056656155326862,64.13499654709983,74.86062447344759,1.5,91.80199999999999,27.153475235573495,99.0072410236105,68.19744767898817,152.5,Clear,No,Hebbal::Hebbal Flyover,0,1
2024-07-21,Hebbal,Hebbal Flyover,15774.0,49.81625464010177,1.2084984232990292,46.20249482064976,62.290936710171366,1.75,81.548,28.953532762968493,99.07099194959356,66.95792215230483,180.25,Clear,No,Hebbal::Hebbal Flyover,0,1
2024-07-22,Hebbal,Hebbal Flyover,10647.0,53.53016171393486,1.1113312310653725,28.269993094199673,49.72124894689516,2.0,71.294,30.753590290363487,99.13474287557663,65.71839662562148,208.0,Fog,No,Hebbal::Hebbal Flyover,0,0
2024-07-23,Hebbal,Hebbal Flyover,28004.0,44.679643911463685,1.5,95.537091629864,100.0,2.0,106.008,27.457776671962,82.39248500730426,76.6751961221365,114.0,Windy,No,Hebbal::Hebbal Flyover,0,0
2024-07-24,Hebbal,Hebbal Flyover,21225.0,42.10749589514718,1.448887656377009,71.45140896580524,79.2243961024563,1.6666666666666667,92.45,40.544626981280445,84.67403415996291,75.96427692430771,152.0,Windy,No,Hebbal::Hebbal Flyover,0,1
2024-07-25,Hebbal,Hebbal Flyover,14446.0,39.53534787883068,1.397775312754018,47.365726301746484,58.448792204912586,1.3333333333333335,78.892,53.63147729059889,86.95558331262156,75.25335772647892,190.0,Windy,No,Hebbal::Hebbal Flyover,0,1
2024-07-26,Hebbal,Hebbal Flyover,7667.0,36.96319986251417,1.346662969131027,23.280043637687733,37.67318830736888,1.0,65.334,66.71832759991733,89.23713246528021,74.54243852865014,228.0,Clear,No,Hebbal::Hebbal Flyover,0,0
2024-07-27,Hebbal,Hebbal Flyover,14451.5,42.991000248477114,1.3107091356461122,42.91002897793946,68.83659415368444,0.5,78.90299999999999,59.27924252497606,88.66174182397452,86.32720364256215,166.5,Clear,No,Hebbal::Hebbal Flyover,0,1
2024-07-28,Hebbal,Hebbal Flyover,21236.0,49.018800634440055,1.2747553021611973,62.54001431819118,100.0,0.0,92.472,51.840157450034795,88.08635118266882,98.11196875647418,105.0,Clear,No,Hebbal::Hebbal Flyover,0,0
2024-07-29,Hebbal,Hebbal Flyover,18141.5,45.45515324287899,1.1950312896778779,59.173902016611066,89.7326562183953,0.5,86.28299999999999,53.00550756678383,83.75498238310821,98.61546865044866,104.5,Clear,No,Hebbal::Hebbal Flyover,0,1
2024-07-30,Hebbal,Hebbal Flyover,15047.0,41.89150585131792,1.1153072771945582,55.80778971503095,79.4653124367906,1.0,80.094,54.17085768353286,79.4236135835476,99.11896854442313,104.0,Clear,No,Hebbal::Hebbal Flyover,0,0
2024-07-31,Hebbal,Hebbal Flyover,27092.0,42.311184169692055,1.3076536385972792,77.90389485751547,89.7326562183953,3.5,104.184,60.78992474264511,76.35861707750539,94.43773044673654,107.0,Clear,No,Hebbal::Hebbal Flyover,0,1
2024-08-01,Hebbal,Hebbal Flyover,39137.0,42.730862488066194,1.5,100.0,100.0,6.0,128.274,67.40899180175737,73.29362057146315,89.75649234904995,110.0,Clear,Yes,Hebbal::Hebbal Flyover,1,0
2024-08-02,Hebbal,Hebbal Flyover,41300.0,30.040735843956593,1.5,100.0,100.0,0.0,132.6,14.113858726171191,89.61223728638333,84.59567136451011,82.0,Rain,No,Hebbal::Hebbal Flyover,0,0
2024-08-03,Hebbal,Hebbal Flyover,37122.5,35.571070606039875,1.5,100.0,100.0,1.5,124.245,33.89493052681307,83.848723207775,72.50220625738214,86.0,Rain,No,Hebbal::Hebbal Flyover,0,1
2024-08-04,Hebbal,Hebbal Flyover,32945.0,41.10140536812316,1.5,100.0,100.0,3.0,115.89,53.67600232745494,78.08520912916666,60.40874115025418,90.0,Clear,No,Hebbal::Hebbal Flyover,0,0
2024-08-05,Hebbal,Hebbal Flyover,29910.0,31.77617210453337,1.5,94.91153568693638,100.0,1.0,109.82,32.18984781415436,78.31912329678492,89.50028892233215,97.0,Clear,No,Hebbal::Hebbal Flyover,0,0
2024-08-06,Hebbal,Hebbal Flyover,25968.5,44.22483463618473,1.4473020262378626,79.55478860550474,100.0,0.5,101.937,49.69711593453345,69.45747073602656,87.89456561189624,94.0,Clear,No,Hebbal::Hebbal Flyover,0,1
2024-08-07,Hebbal,Hebbal Flyover,22027.0,56.673497167836096,1.3946040524757255,64.19804152407309,100.0,0.0,94.054,67.20438405491254,60.5958181752682,86.28884230146033,91.0,Fog,No,Hebbal::Hebbal Flyover,0,0
2024-08-08,Hebbal,Hebbal Flyover,27809.0,35.8749414524928,1.5,95.07743297472616,100.0,0.0,105.618,61.07119559576407,99.796297361556,86.72161292292667,104.0,Fog,No,Hebbal::Hebbal Flyover,0,0
2024-07-06,Indiranagar,100 Feet Road,36724.0,37.43538346691215,1.5,100.0,100.0,1.0,123.448,47.54897765253092,80.90297420427657,89.79101445460807,90.0,Fog,No,Indiranagar::100 Feet Road,0,0
2024-07-07,Indiranagar,100 Feet Road,36755.0,33.25270857838716,1.5,100.0,100.0,1.0,123.51,64.7875995444711,67.04057421206093,97.0161258926928,105.0,Clear,No,Indiranagar::100 Feet Road,0,0
2024-07-08,Indiranagar,100 Feet Road,35228.0,43.61666186637238,1.5,100.0,100.0,2.0,120.456,22.390970434845876,81.90802625922845,60.085036025896784,110.0,Overcast,No,Indiranagar::100 Feet Road,0,0
2024-07-09,Indiranagar,100 Feet Road,50420.0,38.57037526970029,1.5,100.0,100.0,2.0,150.84,47.61772320627093,90.34126787025652,60.01168341098632,91.0,Clear,No,Indiranagar::100 Feet Road,0,0
2024-07-10,Indiranagar,100 Feet Road,33762.0,20.0,1.5,100.0,100.0,0.0,117.524,11.132415707064542,83.20744318516375,94.8190925517374,91.0,Clear,No,Indiranagar::100 Feet Road,0,0
2024-07-11,Indiranagar,100 Feet Road,37551.0,43.03087457328384,1.5,100.0,100.0,2.0,125.102,50.61648669693103,90.5684919501998,51.36995460662288,93.0,Rain,No,Indiranagar::100 Feet Road,0,0
2024-07-12,Indiranagar,100 Feet Road,30534.0,20.0,1.5,95.0178126193553,100.0,2.0,111.068,66.68572863042212,98.02275517412993,71.20426888834595,126.0,Clear,Yes,Indiranagar::100 Feet Road,1,0
2024-07-13,Indiranagar,100 Feet Road,23892.0,27.04903104292096,1.2656486657003263,71.24868150296797,100.0,1.0,97.784,74.79272719003706,69.54216722853317,83.12090325629397,93.0,Clear,No,Indiranagar::100 Feet Road,0,0
2024-07-14,Indiranagar,100 Feet Road,42493.0,35.63482376994976,1.5,100.0,100.0,1.0,134.986,12.05429465847864,78.68128669488695,63.17992570238022,99.0,Clear,No,Indiranagar::100 Feet Road,0,0
2024-07-15,Indiranagar,100 Feet Road,42434.0,27.81741188497488,1.5,100.0,100.0,3.0,134.868,22.21537393848736,82.08937225389975,78.92978345047563,102.0,Clear,No,Indiranagar::100 Feet Road,0,1
2024-07-16,Indiranagar,100 Feet Road,42375.0,20.0,1.5,100.0,100.0,5.0,134.75,32.37645321849608,85.49745781291256,94.67964119857103,105.0,Clear,No,Indiranagar::100 Feet Road,0,0
2024-07-17,Indiranagar,100 Feet Road,21974.0,52.559631667413406,1.1978214147486437,64.16605265635937,100.0,0.0,93.948,42.62257421781732,68.96000618583628,85.37709213301504,115.0,Windy,No,Indiranagar::100 Feet Road,0,0
2024-07-18,Indiranagar,100 Feet Road,35397.0,20.0,1.5,100.0,100.0,2.0,120.794,55.93224451853491,82.48471446286102,92.5972123289807,113.0,Overcast,No,Indiranagar::100 Feet Road,0,0
2024-07-19,Indiranagar,100 Feet Road,34099.0,41.42685535727024,1.5,100.0,100.0,2.0,118.198,62.00113690980252,74.25731358450709,78.09522702142966,99.0,Fog,Yes,Indiranagar::100 Feet Road,1,0
2024-07-20,Indiranagar,100 Feet Road,38412.0,43.84373599397264,1.5,100.0,100.0,2.0,126.824,70.11492347595598,72.22928388067233,95.87602351225584,110.0,Clear,No,Indiranagar::100 Feet Road,0,0
2024-07-21,Indiranagar,100 Feet Road,11733.0,36.54564389903091,1.1366434575880937,47.51944503364857,53.78506662692059,1.0,73.46600000000001,68.76063143690078,77.45970587319655,82.08536045505869,185.0,Clear,Yes,Indiranagar::100 Feet Road,1,0
2024-07-22,Indiranagar,100 Feet Road,22974.5,34.723398683807815,1.318321728794047,73.75972251682428,76.89253331346029,0.5,95.94900000000001,39.65942663069991,69.20299195598122,75.88754197397839,150.5,Clear,Yes,Indiranagar::100 Feet Road,0,1
2024-07-23,Indiranagar,100 Feet Road,34216.0,32.901153468584724,1.5,100.0,100.0,0.0,118.432,10.55822182449905,60.94627803876589,69.68972349289808,116.0,Clear,No,Indiranagar::100 Feet Road,0,0
2024-07-24,Indiranagar,100 Feet Road,49128.0,39.8935776190345,1.5,100.0,100.0,1.0,148.256,20.990631141753784,88.10178886949794,50.940947998697695,100.0,Clear,Yes,Indiranagar::100 Feet Road,1,0
2024-07-25,Indiranagar,100 Feet Road,11375.0,46.55419107632852,1.0240054923933155,40.379079817954285,52.58325720265403,1.0,72.75,17.478066597934802,81.31072076985836,97.7880273056524,192.0,Clear,No,Indiranagar::100 Feet Road,0,0
2024-07-26,Indiranagar,100 Feet Road,11173.0,44.35297468122259,1.0735596471000408,36.69124225569979,56.054681922201965,0.0,72.346,46.712627753092384,71.79160520220549,81.02730042387711,194.0,Clear,No,Indiranagar::100 Feet Road,0,0
2024-07-27,Indiranagar,100 Feet Road,56031.0,36.40795754673839,1.5,100.0,100.0,3.0,162.062,50.50511695621681,80.22702566370278,73.23559528877416,107.0,Clear,No,Indiranagar::100 Feet Road,0,0
2024-07-28,Indiranagar,100 Feet Road,11193.0,50.15126626983933,1.2853101388154462,30.68267885551049,52.10817593765678,1.0,72.386,14.816399165726372,63.414068254795744,60.27304771905846,203.0,Windy,No,Indiranagar::100 Feet Road,0,0
2024-07-29,Indiranagar,100 Feet Road,22519.0,50.76151802596367,1.3949588813477818,79.12563830513135,100.0,5.0,95.038,36.04819967375688,66.93850956107369,76.4249157006184,88.0,Clear,No,Indiranagar::100 Feet Road,0,0
2024-07-30,Indiranagar,100 Feet Road,47177.0,33.69920756139627,1.5,100.0,100.0,1.0,144.35399999999998,73.89227494105509,74.3439379528044,52.315588101990826,109.0,Clear,No,Indiranagar::100 Feet Road,0,0
2024-07-31,Indiranagar,100 Feet Road,13689.0,38.982360148624075,1.2431879367963738,47.54250896528917,73.42359027823763,0.0,77.378,23.879482545492294,76.13999911563074,87.43070213417346,202.0,Clear,No,Indiranagar::100 Feet Road,0,0
2024-08-01,Indiranagar,100 Feet Road,26424.0,44.66467487991214,1.5,95.37321506466428,100.0,2.0,102.848,23.295439974066824,69.6539407339349,75.11997678019948,89.0,Clear,No,Indiranagar::100 Feet Road,0,0
2024-08-02,Indiranagar,100 Feet Road,24563.5,45.372095506661466,1.4090960071360885,88.28247171968883,100.0,1.0,99.12700000000001,22.074668917290488,69.02033625119803,75.35705395500418,99.5,Clear,No,Indiranagar::100 Feet Road,0,1
2024-08-03,Indiranagar,100 Feet Road,22703.0,46.079516133410785,1.3181920142721768,81.19172837471336,100.0,0.0,95.406,20.853897860514156,68.38673176846116,75.59413112980886,110.0,Clear,No,Indiranagar::100 Feet Road,0,0
2024-08-04,Indiranagar,100 Feet Road,41104.0,45.623861186661706,1.5,100.0,100.0,4.0,132.208,73.3841339208337,66.78620239207456,55.50692865177853,106.0,Clear,No,Indiranagar::100 Feet Road,0,0
2024-08-05,Indiranagar,100 Feet Road,24718.0,57.82640679754896,1.3826181637299353,85.37002038440788,100.0,2.0,99.436,30.32801446635321,62.37198225478399,84.2803410516453,100.0,Fog,No,Indiranagar::100 Feet Road,0,0
2024-08-06,Indiranagar,100 Feet Road,37154.0,35.46405809531217,1.5,100.0,100.0,1.0,124.308,49.55412428492346,75.66175517626112,75.70021987877269,92.0,Rain,No,Indiranagar::100 Feet Road,0,0
2024-08-07,Indiranagar,100 Feet Road,10893.0,39.86976231758564,1.0352578573962778,41.606404459753065,56.38755836446468,1.0,71.786,43.65280353477971,99.53066921357856,73.92682659745716,200.0,Overcast,No,Indiranagar::100 Feet Road,0,0
2024-08-08,Indiranagar,100 Feet Road,52465.0,20.0,1.5,100.0,100.0,2.0,154.93,37.14975159366661,65.60752697395962,54.98848086681889,110.0,Clear,No,Indiranagar::100 Feet Road,0,0
2024-08-09,Indiranagar,100 Feet Road,33339.0,24.92514336471592,1.5,100.0,100.0,1.0,116.678,13.559885655860214,81.75531984031626,53.85112592655116,107.0,Clear,No,Indiranagar::100 Feet Road,0,0
2024-07-06,Indiranagar,CMH Road,25180.0,24.183374242435452,1.5,85.43431547925152,100.0,1.0,100.36,11.397914957154804,83.28716404586999,55.269614189920304,84.0,Clear,No,Indiranagar::CMH Road,0,0
2024-07-07,Indiranagar,CMH Road,26610.0,35.100361261462915,1.5,81.67552878418252,100.0,0.0,103.22,22.94772285879684,85.28671259775935,66.86666133987413,85.0,Clear,No,Indiranagar::CMH Road,0,0
2024-07-08,Indiranagar,CMH Road,26566.0,20.0,1.5,81.75387926825107,100.0,3.0,103.132,18.95760797035684,67.52630062107636,90.54615669710742,113.0,Clear,No,Indiranagar::CMH Road,0,0
2024-07-09,Indiranagar,CMH Road,34626.0,20.0,1.5,100.0,100.0,1.0,119.252,78.1233608218003,63.314670448891,98.4887505418668,107.0,Overcast,No,Indiranagar::CMH Road,0,0
2024-07-10,Indiranagar,CMH Road,28394.0,38.258226734510046,1.5,89.3489573223338,100.0,0.0,106.788,71.60987235820349,60.02856622196127,63.4761499787065,86.0,Overcast,No,Indiranagar::CMH Road,0,0
2024-07-11,Indiranagar,CMH Road,42031.0,37.480518423974246,1.5,100.0,100.0,1.0,134.062,34.78587394252786,74.13806440095237,52.06608096722314,111.0,Overcast,No,Indiranagar::CMH Road,0,0
2024-07-12,Indiranagar,CMH Road,39204.0,39.04150601770366,1.5,100.0,100.0,1.0,128.40800000000002,19.432360768949422,98.27718487693132,62.69151321339218,116.0,Windy,No,Indiranagar::CMH Road,0,0
2024-07-13,Indiranagar,CMH Road,31222.0,42.52649996585282,1.4073374031931332,89.28290735118958,100.0,1.5,112.44400000000002,49.206311353058375,93.9939058803325,62.81933360436758,113.0,Windy,No,Indiranagar::CMH Road,0,1
2024-07-14,Indiranagar,CMH Road,23240.0,46.011493914001974,1.314674806386266,78.56581470237917,100.0,2.0,96.48,78.98026193716733,89.71062688373368,62.94715399534298,110.0,Clear,No,Indiranagar::CMH Road,0,0
2024-07-15,Indiranagar,CMH Road,37789.0,46.92883730438514,1.5,100.0,100.0,4.0,125.578,17.698450711332345,86.69375689430515,57.0166335364056,101.0,Windy,No,Indiranagar::CMH Road,0,0
2024-07-16,Indiranagar,CMH Road,49625.0,32.719735746535434,1.5,100.0,100.0,1.0,149.25,61.68064891753906,83.73767388650538,68.93428639871513,101.0,Clear,No,Indiranagar::CMH Road,0,0
2024-07-17,Indiranagar,CMH Road,22800.0,47.657220826224275,1.2357262717384727,84.60264471221788,100.0,3.0,95.6,14.19156911020522,73.18970980649985,97.24795659190036,102.0,Clear,No,Indiranagar::CMH Road,0,0
2024-07-18,Indiranagar,CMH Road,35680.0,47.51544004070491,1.5,100.0,100.0,0.0,121.36,41.928542868684985,79.37856403344435,54.84857476683034,84.0,Clear,No,Indiranagar::CMH Road,0,0
2024-07-19,Indiranagar,CMH Road,20170.0,46.30576060477247,1.0473842398046032,58.9031590160121,99.71979595311409,0.0,90.34,57.18991794525943,65.65055930431828,69.37007941266775,94.0,Overcast,No,Indiranagar::CMH Road,0,0
2024-07-20,Indiranagar,CMH Road,39521.0,23.23181027537944,1.5,100.0,100.0,3.0,129.042,29.153877132213054,72.33030513006591,52.69030049575433,104.0,Clear,No,Indiranagar::CMH Road,0,0
2024-07-21,Indiranagar,CMH Road,35517.0,50.74063411904418,1.5,100.0,100.0,2.0,121.034,58.68370587053506,97.865763182875,99.81608174212757,95.0,Clear,No,Indiranagar::CMH Road,0,0
2024-07-22,Indiranagar,CMH Road,34750.0,39.38400473205166,1.5,100.0,100.0,4.0,119.5,19.433021573464043,93.39898205652496,81.56764895763453,101.0,Clear,No,Indiranagar::CMH Road,0,0
2024-07-23,Indiranagar,CMH Road,32048.0,28.524669263923183,1.5,100.0,100.0,1.0,114.096,17.357701174146868,75.40630045500427,66.43065304376228,77.0,Clear,No,Indiranagar::CMH Road,0,0
2024-07-24,Indiranagar,CMH Road,17660.0,22.732852927059348,1.195982725869848,67.83537013351989,86.9645635322029,0.0,85.32,15.68244612014382,94.03486255853804,78.58783165671292,91.0,Fog,No,Indiranagar::CMH Road,0,0
2024-07-25,Indiranagar,CMH Road,39949.0,45.760858881414215,1.5,100.0,100.0,0.0,129.898,26.004967069334175,94.05896984922282,84.08800200193005,99.0,Clear,No,Indiranagar::CMH Road,0,0
2024-07-26,Indiranagar,CMH Road,35350.0,35.53128078848396,1.5,100.0,100.0,1.0,120.7,36.05505949566481,66.4168463119128,64.70513876945627,90.0,Clear,Yes,Indiranagar::CMH Road,1,0
2024-07-27,Indiranagar,CMH Road,34501.0,28.06246384773188,1.5,100.0,100.0,3.0,119.002,27.675876305422797,86.2723980188054,90.35047794196248,95.0,Windy,No,Indiranagar::CMH Road,0,0
2024-07-28,Indiranagar,CMH Road,47446.0,20.759211925495222,1.5,100.0,100.0,4.0,144.892,25.721063727248858,79.69126651512532,61.881457700896945,102.0,Fog,No,Indiranagar::CMH Road,0,0
2024-07-29,Indiranagar,CMH Road,39839.0,29.651815846056046,1.5,100.0,100.0,3.5,129.678,49.36585801573952,72.50410553794697,60.36781361855692,106.5,Fog,No,Indiranagar::CMH Road,0,1
2024-07-30,Indiranagar,CMH Road,32232.0,38.54441976661687,1.5,100.0,100.0,3.0,114.464,73.01065230423018,65.3169445607686,58.8541695362169,111.0,Clear,No,Indiranagar::CMH Road,0,0
2024-07-31,Indiranagar,CMH Road,44444.0,47.16020393840197,1.5,100.0,100.0,1.0,138.888,78.06690846188083,95.04257901533708,89.90794425069805,105.0,Fog,No,Indiranagar::CMH Road,0,0
2024-08-01,Indiranagar,CMH Road,27236.0,22.17718771198399,1.5,82.00879515778007,100.0,2.0,104.472,19.12276435422157,65.32916562267528,55.037740183669065,98.0,Clear,No,Indiranagar::CMH Road,0,0
2024-08-02,Indiranagar,CMH Road,11561.0,46.21795057461665,1.3475083955914964,41.097746092288624,53.908949424549206,0.0,73.122,30.625149643540112,72.94156436867078,56.871910461546975,185.0,Clear,No,Indiranagar::CMH Road,0,0
2024-08-03,Indiranagar,CMH Road,41887.0,35.31221812515345,1.5,100.0,100.0,3.0,133.774,73.86719621923251,92.13433907970084,95.78501604564818,86.0,Clear,Yes,Indiranagar::CMH Road,1,0
2024-08-04,Indiranagar,CMH Road,11907.0,39.81891023696853,1.0373781412569745,34.33439964599924,63.07191716798155,0.0,73.814,74.56357230657683,77.66530558548672,79.24778990272405,188.0,Clear,No,Indiranagar::CMH Road,0,0
2024-08-05,Indiranagar,CMH Road,11208.0,40.321138600810265,1.3491996295297175,28.13263175884924,59.11661739470781,1.0,72.416,54.54416488581664,66.60718870081905,78.32984047469012,202.0,Fog,Yes,Indiranagar::CMH Road,1,0
2024-08-06,Indiranagar,CMH Road,32723.0,36.68814707395037,1.5,100.0,100.0,1.0,115.446,47.01371138707667,88.33130114612656,57.29611071399477,76.0,Windy,No,Indiranagar::CMH Road,0,0
2024-08-07,Indiranagar,CMH Road,37221.0,35.37803999398456,1.5,100.0,100.0,2.0,124.442,71.18715038449267,96.32568781361448,50.021375655484064,80.0,Clear,No,Indiranagar::CMH Road,0,0
2024-08-08,Indiranagar,CMH Road,37243.0,36.92490391460219,1.5,100.0,100.0,3.0,124.48599999999999,70.88676025340075,80.49686402707809,72.79256544265863,96.0,Clear,No,Indiranagar::CMH Road,0,1
2024-08-09,Indiranagar,CMH Road,37265.0,38.47176783521982,1.5,100.0,100.0,4.0,124.53,70.58637012230884,64.66804024054169,95.56375522983318,112.0,Clear,No,Indiranagar::CMH Road,0,0
2024-07-05,Jayanagar,Jayanagar 4th Block,9795.0,42.39014455301613,1.1768304139772947,24.303154921575175,45.40890361552423,0.0,69.59,39.033505580379725,60.76870903771477,91.7475228893388,200.0,Overcast,No,Jayanagar::Jayanagar 4th Block,0,0
2024-07-06,Jayanagar,Jayanagar 4th Block,24805.0,47.85619532746164,1.1146379370191095,81.00005610582966,100.0,1.0,99.61,64.35158153974493,69.68762901416827,89.34092023324357,92.0,Overcast,No,Jayanagar::Jayanagar 4th Block,0,0
2024-07-07,Jayanagar,Jayanagar 4th Block,23081.0,37.19938221730427,1.3042086864529177,81.76296927983651,100.0,4.0,96.162,63.47448982549687,90.5856862947114,94.58238412986016,107.0,Clear,No,Jayanagar::Jayanagar 4th Block,0,0
2024-07-08,Jayanagar,Jayanagar 4th Block,16712.0,59.49803236837947,1.363162280777993,62.2499638061471,86.86015842790107,1.0,83.424,43.73430700174626,86.08870698924491,63.72931269045208,101.0,Clear,No,Jayanagar::Jayanagar 4th Block,0,0
2024-07-09,Jayanagar,Jayanagar 4th Block,14856.0,45.5961694824428,1.03618632583642,57.46253962768285,70.6511853770703,1.0,79.712,10.622018460707556,89.41584727935168,99.17382603370272,217.0,Clear,No,Jayanagar::Jayanagar 4th Block,0,0
2024-07-10,Jayanagar,Jayanagar 4th Block,30978.0,46.587840363374426,1.5,100.0,100.0,0.0,111.956,47.08471292459465,93.32000434653152,78.82625953934831,88.0,Clear,No,Jayanagar::Jayanagar 4th Block,0,0
2024-07-11,Jayanagar,Jayanagar 4th Block,23306.0,48.18408109784272,1.34630813480114,71.6548292964874,100.0,1.0,96.612,44.18631263004824,84.302136673398,53.70365601642935,87.0,Clear,No,Jayanagar::Jayanagar 4th Block,0,0
2024-07-12,Jayanagar,Jayanagar 4th Block,30339.0,50.71671446595942,1.3975387565340933,81.10321953099161,100.0,1.0,110.678,43.81097480389528,86.75752985710595,64.65289799146132,93.33333333333333,Clear,No,Jayanagar::Jayanagar 4th Block,0,1
2024-07-13,Jayanagar,Jayanagar 4th Block,37372.0,53.249347834076126,1.4487693782670468,90.5516097654958,100.0,1.0,124.744,43.435636977742305,89.21292304081389,75.60213996649328,99.66666666666667,Clear,No,Jayanagar::Jayanagar 4th Block,0,1
2024-07-14,Jayanagar,Jayanagar 4th Block,44405.0,55.781981202192824,1.5,100.0,100.0,1.0,138.81,43.06029915158934,91.66831622452185,86.55138194152525,106.0,Overcast,No,Jayanagar::Jayanagar 4th Block,0,0
2024-07-15,Jayanagar,Jayanagar 4th Block,33619.0,58.06902420637687,1.2932578226083171,84.95834314315542,100.0,0.5,117.238,46.96544026191968,79.97934240425965,81.0105853709585,96.0,Overcast,No,Jayanagar::Jayanagar 4th Block,0,1
2024-07-16,Jayanagar,Jayanagar 4th Block,22833.0,60.35606721056091,1.0865156452166342,69.91668628631082,100.0,0.0,95.666,50.87058137225002,68.29036858399748,75.46978880039173,86.0,Fog,No,Jayanagar::Jayanagar 4th Block,0,0
2024-07-17,Jayanagar,Jayanagar 4th Block,33972.0,39.168893323524,1.5,100.0,100.0,4.0,117.944,64.83215978941328,83.11297853525029,71.84907495966635,91.0,Clear,No,Jayanagar::Jayanagar 4th Block,0,0
2024-07-18,Jayanagar,Jayanagar 4th Block,9521.0,38.07705292790366,1.197934661249348,24.973902125300953,42.651120855468776,0.0,69.042,33.07768283707364,75.28631424256352,51.08616424596034,224.0,Fog,No,Jayanagar::Jayanagar 4th Block,0,0
2024-07-19,Jayanagar,Jayanagar 4th Block,41178.0,48.22165649748831,1.5,100.0,100.0,3.0,132.356,56.19251049074529,66.7936461953022,70.91383706585073,84.0,Fog,No,Jayanagar::Jayanagar 4th Block,0,0
2024-07-20,Jayanagar,Jayanagar 4th Block,31085.0,20.0,1.5,97.22085942004831,100.0,3.0,112.17,43.8630773568069,98.24533521606772,92.7872891176853,108.0,Clear,No,Jayanagar::Jayanagar 4th Block,0,0
2024-07-21,Jayanagar,Jayanagar 4th Block,21553.0,47.16775879975122,1.146216076090045,73.93838696476553,100.0,2.0,93.106,55.28506568702287,62.48218537839528,72.56441088637186,112.0,Rain,No,Jayanagar::Jayanagar 4th Block,0,0
2024-07-22,Jayanagar,Jayanagar 4th Block,25776.0,51.449935035684426,1.5,86.52057317617363,100.0,2.0,101.552,66.45083911539332,85.6656298018162,69.21125182595921,102.0,Clear,No,Jayanagar::Jayanagar 4th Block,0,0
2024-07-23,Jayanagar,Jayanagar 4th Block,23063.0,45.00393002310809,1.3292353079832049,75.96105696527587,100.0,2.0,96.126,54.176870151982406,74.4162327740928,69.20899661442222,94.0,Clear,No,Jayanagar::Jayanagar 4th Block,0,1
2024-07-24,Jayanagar,Jayanagar 4th Block,20350.0,38.557925010531754,1.1584706159664098,65.4015407543781,100.0,2.0,90.7,41.90290118857149,63.16683574636942,69.20674140288523,86.0,Rain,No,Jayanagar::Jayanagar 4th Block,0,0
2024-07-25,Jayanagar,Jayanagar 4th Block,22606.0,47.85317790739718,1.1165968823069905,79.925670856528,100.0,5.0,95.212,12.971054235152751,70.0573261820236,64.12918208858474,102.0,Overcast,No,Jayanagar::Jayanagar 4th Block,0,0
2024-07-26,Jayanagar,Jayanagar 4th Block,9944.0,26.68370108944993,1.3216514942970117,38.106725775130826,45.00067664740718,0.0,69.888,68.86441800585533,76.55677270360168,51.19111134678829,212.0,Clear,No,Jayanagar::Jayanagar 4th Block,0,0
2024-07-27,Jayanagar,Jayanagar 4th Block,15701.0,34.52200598411379,1.3811009961980079,54.505047416848385,63.33378443160478,0.6666666666666666,81.402,66.13239931697686,79.56479285545878,55.070785243600724,174.66666666666666,Clear,No,Jayanagar::Jayanagar 4th Block,0,1
2024-07-28,Jayanagar,Jayanagar 4th Block,21458.0,42.36031087877765,1.4405504980990038,70.90336905856594,81.66689221580239,1.3333333333333333,92.91600000000001,63.40038062809839,82.57281300731587,58.95045914041316,137.33333333333331,Clear,No,Jayanagar::Jayanagar 4th Block,0,1
2024-07-29,Jayanagar,Jayanagar 4th Block,27215.0,50.19861577344152,1.5,87.30169070028349,100.0,2.0,104.43,60.66836193921992,85.58083315917297,62.83013303722559,100.0,Clear,No,Jayanagar::Jayanagar 4th Block,0,0
2024-07-30,Jayanagar,Jayanagar 4th Block,8630.0,47.26382677282126,1.1204876466912868,38.72892552364032,41.77642057885263,0.0,67.26,31.4895871408856,98.44977818733328,63.57168377562456,206.0,Clear,Yes,Jayanagar::Jayanagar 4th Block,1,0
2024-07-31,Jayanagar,Jayanagar 4th Block,15569.0,42.91717180574901,1.246991764460858,59.152617015760214,61.18428038590176,1.0,81.138,42.11607034843921,94.41275891715401,67.92243835146346,168.0,Clear,Yes,Jayanagar::Jayanagar 4th Block,1,1
2024-08-01,Jayanagar,Jayanagar 4th Block,22508.0,38.57051683867676,1.3734958822304288,79.5763085078801,80.59214019295088,2.0,95.016,52.742553555992814,90.37573964697474,72.27319292730236,130.0,Clear,Yes,Jayanagar::Jayanagar 4th Block,0,1
2024-08-02,Jayanagar,Jayanagar 4th Block,29447.0,34.223861871604505,1.5,100.0,100.0,3.0,108.894,63.36903676354642,86.33872037679546,76.62394750314127,92.0,Clear,No,Jayanagar::Jayanagar 4th Block,0,0
2024-08-03,Jayanagar,Jayanagar 4th Block,20727.0,45.062166484982846,1.2504363155812392,74.67321220262669,100.0,2.0,91.454,37.55861013791042,87.81010029850756,85.15087485779563,90.0,Clear,No,Jayanagar::Jayanagar 4th Block,0,0
2024-08-04,Jayanagar,Jayanagar 4th Block,19863.6,46.51002159449088,1.2732878284097267,68.96805549579092,95.7036953756389,1.6,89.7272,40.306599165968095,86.66105412314697,80.57616309908792,90.6,Clear,No,Jayanagar::Jayanagar 4th Block,0,1
2024-08-05,Jayanagar,Jayanagar 4th Block,19000.2,47.95787670399891,1.2961393412382138,63.26289878895516,91.4073907512778,1.2,88.0004,43.05458819402576,85.51200794778637,76.00145134038021,91.2,Clear,No,Jayanagar::Jayanagar 4th Block,0,1
2024-08-06,Jayanagar,Jayanagar 4th Block,18136.8,49.405731813506954,1.3189908540667012,57.5577420821194,87.11108612691672,0.7999999999999999,86.27359999999999,45.802577222083436,84.36296177242576,71.4267395816725,91.8,Clear,No,Jayanagar::Jayanagar 4th Block,0,1
2024-08-07,Jayanagar,Jayanagar 4th Block,17273.4,50.85358692301499,1.3418423668951884,51.85258537528364,82.81478150255562,0.3999999999999999,84.54679999999999,48.5505662501411,83.21391559706517,66.8520278229648,92.4,Clear,No,Jayanagar::Jayanagar 4th Block,0,1
2024-08-08,Jayanagar,Jayanagar 4th Block,16410.0,52.30144203252302,1.3646938797236758,46.14742866844787,78.51847687819452,0.0,82.82,51.298555278198776,82.06486942170457,62.27731606425709,93.0,Clear,No,Jayanagar::Jayanagar 4th Block,0,0
2024-07-06,Jayanagar,South End Circle,19522.0,36.381669954884416,1.005162951643097,74.33368481271594,96.3459158578102,2.0,89.044,49.88655150135852,76.32776929623833,81.36212152435107,85.0,Overcast,No,Jayanagar::South End Circle,0,0
2024-07-07,Jayanagar,South End Circle,31068.5,32.85388742436541,1.2525814758215486,87.16684240635797,98.1729579289051,3.0,112.137,41.021975172840556,73.76955920099962,85.40255015873583,89.5,Overcast,No,Jayanagar::South End Circle,0,1
2024-07-08,Jayanagar,South End Circle,42615.0,29.32610489384641,1.5,100.0,100.0,4.0,135.23000000000002,32.157398844322586,71.2113491057609,89.44297879312062,94.0,Fog,Yes,Jayanagar::South End Circle,1,0
2024-07-09,Jayanagar,South End Circle,31824.0,35.32314998834407,1.3969036290179413,85.41084140478685,100.0,3.0,113.64800000000001,50.86652711047812,67.9941294064969,84.8260974539092,97.0,Fog,Yes,Jayanagar::South End Circle,0,1
2024-07-10,Jayanagar,South End Circle,21033.0,41.32019508284173,1.2938072580358826,70.82168280957369,100.0,2.0,92.066,69.57565537663365,64.77690970723289,80.20921611469777,100.0,Clear,No,Jayanagar::South End Circle,0,0
2024-07-11,Jayanagar,South End Circle,18707.0,40.3819121915534,1.2577431917499107,67.62459825419003,92.84852287662234,1.0,87.414,42.78279609813456,78.61611570305206,82.34329900270177,102.0,Clear,No,Jayanagar::South End Circle,0,1
2024-07-12,Jayanagar,South End Circle,16381.0,39.44362930026506,1.2216791254639388,64.42751369880638,85.69704575324468,0.0,82.762,15.989936819635478,92.45532169887124,84.47738189070577,104.0,Fog,No,Jayanagar::South End Circle,0,0
2024-07-13,Jayanagar,South End Circle,22911.5,39.280483615323355,1.3608395627319694,82.21375684940318,92.84852287662234,0.0,95.82300000000001,27.426967720687806,88.7664362991621,77.93450352028279,99.5,Fog,No,Jayanagar::South End Circle,0,1
2024-07-14,Jayanagar,South End Circle,29442.0,39.11733793038165,1.5,100.0,100.0,0.0,108.884,38.86399862174014,85.07755089945294,71.39162514985979,95.0,Clear,No,Jayanagar::South End Circle,0,0
2024-07-15,Jayanagar,South End Circle,15353.0,53.891141145825046,1.3639834037583811,51.91410100155116,78.01367490423233,0.0,80.706,41.12929136052146,60.063406844648945,75.19698500234196,100.0,Clear,No,Jayanagar::South End Circle,0,0
2024-07-16,Jayanagar,South End Circle,27026.0,53.5414343555011,1.5,94.0361352162926,100.0,0.0,104.052,64.41488595178745,70.47617562363097,98.68192044946426,110.0,Fog,No,Jayanagar::South End Circle,0,0
2024-07-17,Jayanagar,South End Circle,27939.0,35.658669713164954,1.5,97.44558926704238,100.0,2.0,105.878,28.90997287621387,92.1985961640652,64.20694586826643,88.0,Clear,No,Jayanagar::South End Circle,0,0
2024-07-18,Jayanagar,South End Circle,27449.0,43.93331239002951,1.5,84.8743731542785,100.0,5.0,104.898,38.51724822017252,76.48059346923898,52.3261258036212,104.0,Fog,No,Jayanagar::South End Circle,0,0
2024-07-19,Jayanagar,South End Circle,30400.0,36.85188964859721,1.5,96.92643936882436,100.0,0.0,110.8,58.984081637108595,96.3929743409423,85.02041760622333,103.0,Clear,No,Jayanagar::South End Circle,0,0
2024-07-20,Jayanagar,South End Circle,32019.0,32.72250816195107,1.5,100.0,100.0,3.0,114.038,64.69644288466782,66.9163832778299,59.72581317170936,111.0,Clear,No,Jayanagar::South End Circle,0,0
2024-07-21,Jayanagar,South End Circle,32368.666666666668,32.866509658621105,1.5,100.0,100.0,2.3333333333333335,114.73733333333332,64.21579155310306,71.52785344135947,70.17022564017259,109.0,Clear,No,Jayanagar::South End Circle,0,1
2024-07-22,Jayanagar,South End Circle,32718.333333333332,33.010511155291134,1.5,100.0,100.0,1.6666666666666667,115.43666666666667,63.7351402215383,76.13932360488906,80.61463810863582,107.0,Clear,No,Jayanagar::South End Circle,0,1
2024-07-23,Jayanagar,South End Circle,33068.0,33.15451265196117,1.5,100.0,100.0,1.0,116.136,63.254488889973544,80.75079376841863,91.05905057709904,105.0,Fog,No,Jayanagar::South End Circle,0,0
2024-07-24,Jayanagar,South End Circle,33634.0,34.89254910471184,1.5,100.0,100.0,1.0,117.268,41.053275431647734,73.59926466272071,89.57792119634387,107.0,Overcast,No,Jayanagar::South End Circle,0,0
2024-07-25,Jayanagar,South End Circle,16509.0,40.67307864882896,1.2427441344688015,49.863145693850825,86.20484466533937,1.0,83.018,75.09752506779628,94.78355187225104,75.84348802578081,89.0,Fog,No,Jayanagar::South End Circle,0,0
2024-07-26,Jayanagar,South End Circle,38502.0,30.066928500474138,1.5,100.0,100.0,2.0,127.004,22.75461906453382,68.78113357219485,64.58358901107397,97.0,Rain,Yes,Jayanagar::South End Circle,1,0
2024-07-27,Jayanagar,South End Circle,25192.0,39.129539222108136,1.5,87.12319174920185,100.0,1.0,100.384,53.495883363544934,70.59614743586201,98.69311974580285,98.0,Clear,No,Jayanagar::South End Circle,0,0
2024-07-28,Jayanagar,South End Circle,19262.0,56.77718461359521,1.3104136703417493,70.6534246661094,100.0,0.0,88.524,24.547430618268827,98.80161932107384,94.94051385735516,101.0,Clear,No,Jayanagar::South End Circle,0,0
2024-07-29,Jayanagar,South End Circle,8965.0,50.421808130908985,1.398884510288147,26.386204175218275,44.38014244587456,0.0,67.93,20.99415775195191,97.75247196825164,61.57045933051887,186.0,Rain,No,Jayanagar::South End Circle,0,0
2024-07-30,Jayanagar,South End Circle,9349.5,51.07854416253109,1.3989149184211969,26.560845494793888,47.13667245020909,0.0,68.69900000000001,36.62403233925545,92.59708911568447,73.89556734135384,189.0,Rain,No,Jayanagar::South End Circle,0,1
2024-07-31,Jayanagar,South End Circle,9734.0,51.73528019415319,1.3989453265542464,26.7354868143695,49.89320245454362,0.0,69.468,52.25390692655899,87.44170626311728,86.2206753521888,192.0,Clear,Yes,Jayanagar::South End Circle,1,0
2024-08-01,Jayanagar,South End Circle,26073.0,37.17971191829934,1.5,93.22233503981208,100.0,1.0,102.146,39.19476916001467,84.99609409534283,87.63475518849405,99.0,Fog,No,Jayanagar::South End Circle,0,0
2024-08-02,Jayanagar,South End Circle,26260.428571428572,37.14982809338612,1.5,94.03168262210322,100.0,0.8571428571428572,102.52085714285714,41.698120084016566,82.7482735837572,86.71767355025048,100.42857142857143,Fog,No,Jayanagar::South End Circle,0,1
2024-08-03,Jayanagar,South End Circle,26447.85714285714,37.119944268472906,1.5,94.84103020439437,100.0,0.7142857142857143,102.89571428571429,44.20147100801846,80.50045307217158,85.80059191200691,101.85714285714286,Fog,No,Jayanagar::South End Circle,0,1
2024-08-04,Jayanagar,South End Circle,26635.285714285714,37.090060443559686,1.5,95.65037778668551,100.0,0.5714285714285714,103.27057142857143,46.70482193202035,78.25263256058595,84.88351027376333,103.28571428571429,Fog,No,Jayanagar::South End Circle,0,1
2024-08-05,Jayanagar,South End Circle,26822.714285714286,37.06017661864647,1.5,96.45972536897666,100.0,0.4285714285714286,103.64542857142857,49.208172856022244,76.00481204900032,83.96642863551978,104.71428571428571,Fog,No,Jayanagar::South End Circle,0,1
2024-08-06,Jayanagar,South End Circle,27010.14285714286,37.03029279373325,1.5,97.2690729512678,100.0,0.28571428571428575,104.0202857142857,51.711523780024145,73.75699153741469,83.0493469972762,106.14285714285714,Fog,No,Jayanagar::South End Circle,0,1
2024-08-07,Jayanagar,South End Circle,27197.571428571428,37.00040896882004,1.5,98.07842053355895,100.0,0.1428571428571429,104.39514285714286,54.21487470402604,71.50917102582908,82.13226535903263,107.57142857142857,Fog,No,Jayanagar::South End Circle,0,1
2024-08-08,Jayanagar,South End Circle,27385.0,36.97052514390682,1.5,98.8877681158501,100.0,0.0,104.77,56.71822562802793,69.26135051424345,81.21518372078906,109.0,Overcast,No,Jayanagar::South End Circle,0,0
2024-08-09,Jayanagar,South End Circle,20540.0,52.2547982927275,1.020520077450398,72.63915187623202,97.84552741117548,2.0,91.08,44.41604287234552,89.58694675619537,79.19719762338484,94.0,Clear,No,Jayanagar::South End Circle,0,0
2024-07-06,Koramangala,Sarjapur Road,35045.0,63.174506140620906,1.5,100.0,100.0,5.0,120.09,64.71954675949618,85.47166424495012,71.53116980158033,99.0,Rain,No,Koramangala::Sarjapur Road,0,0
2024-07-07,Koramangala,Sarjapur Road,49031.5,43.78167208592973,1.5,100.0,100.0,3.5,148.063,43.59499109301678,79.90259909139724,65.95865663905298,100.0,Rain,No,Koramangala::Sarjapur Road,0,1
2024-07-08,Koramangala,Sarjapur Road,63018.0,24.388838031238556,1.5,100.0,100.0,2.0,176.036,22.470435426537374,74.33353393784434,60.3861434765256,101.0,Clear,No,Koramangala::Sarjapur Road,0,0
2024-07-09,Koramangala,Sarjapur Road,54500.0,22.077088941669345,1.5,100.0,100.0,0.0,159.0,48.109268736501775,64.69789998221279,85.25699517822073,98.0,Clear,No,Koramangala::Sarjapur Road,0,0
2024-07-10,Koramangala,Sarjapur Road,45376.0,53.59437941929369,1.5,100.0,100.0,1.0,140.752,78.23565111235169,83.4878266314238,60.27560925150007,89.0,Fog,No,Koramangala::Sarjapur Road,0,0
2024-07-11,Koramangala,Sarjapur Road,46720.0,37.30149916235776,1.5,100.0,100.0,1.0,143.44,79.4656206184821,91.73322678465826,64.03202680286208,109.0,Clear,No,Koramangala::Sarjapur Road,0,0
2024-07-12,Koramangala,Sarjapur Road,31902.0,32.91149180117075,1.5,100.0,100.0,3.0,113.804,46.30552738581783,99.81058789054572,54.55759610944112,115.0,Clear,No,Koramangala::Sarjapur Road,0,0
2024-07-13,Koramangala,Sarjapur Road,14586.0,61.0898097074345,1.2617512400577784,56.097139871162824,77.22278930036994,0.0,79.172,27.227738909512144,91.9913217381042,68.87494608501044,178.0,Fog,No,Koramangala::Sarjapur Road,0,0
2024-07-14,Koramangala,Sarjapur Road,33251.0,36.37010921782576,1.5,100.0,100.0,3.0,116.502,59.13912709825863,76.37059653698982,91.98699900638542,92.0,Clear,No,Koramangala::Sarjapur Road,0,0
2024-07-15,Koramangala,Sarjapur Road,30262.0,28.18505460891288,1.5,99.60862080642957,100.0,2.0,110.524,69.53787052494606,70.89429284456256,75.4395177865299,90.0,Clear,No,Koramangala::Sarjapur Road,0,1
2024-07-16,Koramangala,Sarjapur Road,27273.0,20.0,1.5,99.21724161285915,100.0,1.0,104.546,79.93661395163349,65.4179891521353,58.89203656667439,88.0,Fog,No,Koramangala::Sarjapur Road,0,0
2024-07-17,Koramangala,Sarjapur Road,63933.0,31.185770506898265,1.5,100.0,100.0,3.0,177.866,13.583753842169097,73.19864886455798,81.88801373417269,97.0,Clear,No,Koramangala::Sarjapur Road,0,0
2024-07-18,Koramangala,Sarjapur Road,48812.5,33.05292957817525,1.5,100.0,100.0,2.5,147.625,25.99019873926885,75.81241979901309,70.59852295061785,98.0,Clear,No,Koramangala::Sarjapur Road,0,1
2024-07-19,Koramangala,Sarjapur Road,33692.0,34.92008864945223,1.5,100.0,100.0,2.0,117.384,38.396643636368594,78.42619073346819,59.309032167063016,99.0,Windy,No,Koramangala::Sarjapur Road,0,0
2024-07-20,Koramangala,Sarjapur Road,37000.2,36.82982568047252,1.5,100.0,100.0,1.8,124.0004,37.31488035281365,80.970089440457,62.13511034321848,96.2,Windy,No,Koramangala::Sarjapur Road,0,1
2024-07-21,Koramangala,Sarjapur Road,40308.4,38.73956271149281,1.5,100.0,100.0,1.6,130.6168,36.23311706925871,83.51398814744583,64.96118851937395,93.4,Windy,No,Koramangala::Sarjapur Road,0,1
2024-07-22,Koramangala,Sarjapur Road,43616.6,40.649299742513094,1.5,100.0,100.0,1.4,137.2332,35.15135378570377,86.05788685443464,67.78726669552941,90.6,Windy,No,Koramangala::Sarjapur Road,1,1
2024-07-23,Koramangala,Sarjapur Road,46924.8,42.559036773533386,1.5,100.0,100.0,1.2,143.8496,34.06959050214883,88.60178556142347,70.61334487168487,87.8,Windy,No,Koramangala::Sarjapur Road,1,1
2024-07-24,Koramangala,Sarjapur Road,50233.0,44.46877380455367,1.5,100.0,100.0,1.0,150.466,32.987827218593885,91.14568426841228,73.43942304784034,85.0,Clear,Yes,Koramangala::Sarjapur Road,1,0
2024-07-25,Koramangala,Sarjapur Road,41635.0,34.572464449579954,1.5,100.0,100.0,3.0,133.26999999999998,19.47031162207034,76.97748911343353,65.72781417106974,90.0,Overcast,No,Koramangala::Sarjapur Road,0,0
2024-07-26,Koramangala,Sarjapur Road,43709.0,35.09014047273724,1.5,100.0,100.0,1.5,137.418,47.04663902673052,77.27965528125733,59.978071029378896,98.0,Overcast,No,Koramangala::Sarjapur Road,0,1
2024-07-27,Koramangala,Sarjapur Road,45783.0,35.607816495894525,1.5,100.0,100.0,0.0,141.566,74.6229664313907,77.58182144908115,54.228327887688046,106.0,Clear,Yes,Koramangala::Sarjapur Road,1,0
2024-07-28,Koramangala,Sarjapur Road,43896.5,29.489124151453566,1.5,100.0,100.0,2.0,137.793,60.280741475080006,68.9442884060227,72.17803227547222,98.5,Clear,Yes,Koramangala::Sarjapur Road,1,1
2024-07-29,Koramangala,Sarjapur Road,42010.0,23.370431807012608,1.5,100.0,100.0,4.0,134.01999999999998,45.93851651876932,60.30675536296424,90.1277366632564,91.0,Overcast,Yes,Koramangala::Sarjapur Road,1,0
2024-07-30,Koramangala,Sarjapur Road,45072.0,39.30411473766888,1.5,100.0,100.0,0.0,140.144,34.061571243158,95.58271920693326,66.92295465736895,109.0,Windy,No,Koramangala::Sarjapur Road,0,0
2024-07-31,Koramangala,Sarjapur Road,48639.0,37.71157752477588,1.5,100.0,100.0,1.0,147.27800000000002,34.52484219750839,75.25960265073866,57.35622193522357,122.0,Rain,No,Koramangala::Sarjapur Road,0,0
2024-08-01,Koramangala,Sarjapur Road,29666.0,31.95131686158707,1.5,93.88150681591485,100.0,1.0,109.332,74.8130339549223,62.03444297863931,82.52289436734269,95.0,Clear,No,Koramangala::Sarjapur Road,0,0
2024-08-02,Koramangala,Sarjapur Road,38259.5,32.50669620672928,1.5,96.94075340795743,100.0,1.0,126.519,52.40831225930603,66.04454026154364,78.57859724367928,91.5,Clear,No,Koramangala::Sarjapur Road,0,1
2024-08-03,Koramangala,Sarjapur Road,46853.0,33.062075551871494,1.5,100.0,100.0,1.0,143.70600000000002,30.003590563689748,70.05463754444798,74.63430012001588,88.0,Clear,No,Koramangala::Sarjapur Road,0,0
2024-08-04,Koramangala,Sarjapur Road,31136.0,38.920088918101854,1.5,100.0,100.0,1.0,112.272,32.944517441346946,91.69104978221246,95.83065081200924,110.0,Rain,No,Koramangala::Sarjapur Road,0,0
2024-08-05,Koramangala,Sarjapur Road,45301.0,37.48876474792154,1.5,100.0,100.0,3.0,140.602,49.07489023004331,61.81200618027848,50.08151827075446,97.0,Fog,No,Koramangala::Sarjapur Road,0,0
2024-08-06,Koramangala,Sarjapur Road,42179.0,31.87840699626932,1.5,100.0,100.0,1.0,134.358,16.86669661650071,92.00936578805737,92.37665083001886,103.0,Clear,No,Koramangala::Sarjapur Road,0,0
2024-08-07,Koramangala,Sarjapur Road,44529.0,48.58436634783543,1.5,100.0,100.0,2.0,139.058,60.61669002393808,61.43719543082711,87.41932230001268,96.0,Overcast,No,Koramangala::Sarjapur Road,0,0
2024-08-08,Koramangala,Sarjapur Road,43994.0,31.05161449304568,1.5,100.0,100.0,3.0,137.988,60.62781598179805,96.39710022187708,86.7792165767396,90.0,Clear,No,Koramangala::Sarjapur Road,0,0
2024-08-09,Koramangala,Sarjapur Road,58992.0,43.13845101889725,1.5,100.0,100.0,2.0,167.98399999999998,68.81080412366529,69.85925746580064,64.17992183524075,101.0,Clear,No,Koramangala::Sarjapur Road,0,0
2024-07-06,Koramangala,Sony World Junction,53700.0,42.766667275624016,1.5,100.0,100.0,2.0,157.4,53.71151708259477,81.08026575178731,95.258292040992,106.4,Overcast,No,Koramangala::Sony World Junction,0,1
2024-07-07,Koramangala,Sony World Junction,55191.0,47.70718774379211,1.5,100.0,100.0,2.0,160.382,51.499152798232,83.81414374211946,98.34398844956137,109.0,Rain,No,Koramangala::Sony World Junction,0,0
2024-07-08,Koramangala,Sony World Junction,47853.0,26.153700814055227,1.5,100.0,100.0,1.0,145.70600000000002,79.64707862589961,73.33137146685883,84.87305321579575,83.0,Clear,No,Koramangala::Sony World Junction,0,0
2024-07-09,Koramangala,Sony World Junction,47292.0,41.04474136364963,1.5,100.0,100.0,1.0,144.584,23.307086057402685,94.27928579742716,91.7362453486149,101.0,Clear,Yes,Koramangala::Sony World Junction,1,0
2024-07-10,Koramangala,Sony World Junction,15010.0,46.181999389453445,1.1550233577665732,46.81818558145865,74.6335577271187,0.0,80.02,75.08686495169445,97.38178659309428,98.2052121565809,116.0,Clear,No,Koramangala::Sony World Junction,0,0
2024-07-11,Koramangala,Sony World Junction,42823.0,23.535916864060837,1.5,100.0,100.0,4.0,135.64600000000002,40.42265224378864,88.32502210461489,72.57708567978491,91.0,Fog,No,Koramangala::Sony World Junction,0,0
2024-07-12,Koramangala,Sony World Junction,42209.0,28.94723775093498,1.5,100.0,100.0,2.0,134.418,53.24257539883055,88.64067138006337,67.68907878965581,91.5,Fog,No,Koramangala::Sony World Junction,0,1
2024-07-13,Koramangala,Sony World Junction,41595.0,34.358558637809125,1.5,100.0,100.0,0.0,133.19,66.06249855387247,88.95632065551186,62.80107189952672,92.0,Overcast,No,Koramangala::Sony World Junction,0,0
2024-07-14,Koramangala,Sony World Junction,49124.0,37.73438947653791,1.5,100.0,100.0,0.0,148.248,59.40948937344665,91.7106068907798,55.434525866678584,114.0,Clear,Yes,Koramangala::Sony World Junction,1,0
2024-07-15,Koramangala,Sony World Junction,54280.5,39.614438951242036,1.5,100.0,100.0,2.0,158.56099999999998,65.40328887961468,89.23917244254622,57.04815110887995,101.0,Clear,Yes,Koramangala::Sony World Junction,0,1
2024-07-16,Koramangala,Sony World Junction,59437.0,41.49448842594615,1.5,100.0,100.0,4.0,168.874,71.3970883857827,86.76773799431263,58.661776351081315,88.0,Clear,No,Koramangala::Sony World Junction,0,0
2024-07-17,Koramangala,Sony World Junction,50908.0,42.42683237876098,1.5,100.0,100.0,4.0,151.816,58.48701378858092,65.85519866256276,99.55625735678758,114.0,Clear,No,Koramangala::Sony World Junction,0,0
2024-07-18,Koramangala,Sony World Junction,48326.5,41.10623499142215,1.5,100.0,100.0,3.0,146.65300000000002,40.7557030306987,74.35458628508644,76.91762121037584,103.0,Clear,No,Koramangala::Sony World Junction,0,1
2024-07-19,Koramangala,Sony World Junction,45745.0,39.78563760408332,1.5,100.0,100.0,2.0,141.49,23.02439227281648,82.85397390761014,54.278985063964086,92.0,Clear,No,Koramangala::Sony World Junction,0,0
2024-07-20,Koramangala,Sony World Junction,42142.0,41.066975153983066,1.5,100.0,100.0,1.75,134.284,31.2810645535688,84.62997811966773,56.837184440152555,96.0,Clear,No,Koramangala::Sony World Junction,0,1
2024-07-21,Koramangala,Sony World Junction,38539.0,42.34831270388281,1.5,100.0,100.0,1.5,127.078,39.53773683432112,86.40598233172533,59.395383816341024,100.0,Clear,No,Koramangala::Sony World Junction,0,1
2024-07-22,Koramangala,Sony World Junction,34936.0,43.629650253782565,1.5,100.0,100.0,1.25,119.872,47.794409115073435,88.18198654378293,61.95358319252949,104.0,Clear,No,Koramangala::Sony World Junction,0,1
2024-07-23,Koramangala,Sony World Junction,31333.0,44.91098780368231,1.5,100.0,100.0,1.0,112.666,56.051081395825754,89.95799075584051,64.51178256871796,108.0,Overcast,No,Koramangala::Sony World Junction,0,0
2024-07-24,Koramangala,Sony World Junction,40158.0,48.87540058504591,1.5,100.0,100.0,3.0,130.316,15.241358058703614,71.5466228622541,65.25228132788,107.0,Clear,No,Koramangala::Sony World Junction,0,0
2024-07-25,Koramangala,Sony World Junction,42046.0,42.88149704352523,1.5,100.0,100.0,1.0,134.09199999999998,34.434165515873076,99.58869804140744,87.32127537997758,110.0,Overcast,No,Koramangala::Sony World Junction,0,0
2024-07-26,Koramangala,Sony World Junction,15363.0,56.92082312551953,1.1070183310864463,60.97051003696093,77.35198838996781,2.0,80.726,15.361169586622356,99.49664501160916,64.41884825130869,105.0,Clear,No,Koramangala::Sony World Junction,0,0
2024-07-27,Koramangala,Sony World Junction,47150.0,24.699732590930388,1.5,100.0,100.0,1.0,144.3,72.52148906255809,60.49342630412886,65.74084514398538,107.0,Clear,No,Koramangala::Sony World Junction,0,0
2024-07-28,Koramangala,Sony World Junction,47403.0,36.73908304539528,1.5,100.0,100.0,3.0,144.80599999999998,70.92444459747281,69.82764429617957,73.78325177063266,102.0,Clear,No,Koramangala::Sony World Junction,0,0
2024-07-29,Koramangala,Sony World Junction,47602.0,47.32889361207865,1.5,100.0,100.0,2.0,145.204,60.45749189039217,72.75238742519043,69.54834857233534,131.0,Clear,No,Koramangala::Sony World Junction,0,0
2024-07-30,Koramangala,Sony World Junction,45988.0,45.689123391474666,1.5,100.0,100.0,3.0,141.976,40.05295185173567,66.87628400659946,70.23012425489364,116.0,Clear,No,Koramangala::Sony World Junction,0,1
2024-07-31,Koramangala,Sony World Junction,44374.0,44.049353170870674,1.5,100.0,100.0,4.0,138.748,19.64841181307917,61.000180588008504,70.91189993745192,101.0,Windy,No,Koramangala::Sony World Junction,0,0
2024-08-01,Koramangala,Sony World Junction,46495.0,35.49941392320025,1.5,100.0,100.0,2.0,142.99,14.92261798937206,62.16064000209324,68.40665059517085,92.0,Overcast,No,Koramangala::Sony World Junction,0,0
2024-08-02,Koramangala,Sony World Junction,50361.0,35.68013640874023,1.5,100.0,100.0,4.0,150.72199999999998,46.29830500420488,87.29170405127576,55.96355872706163,99.0,Clear,No,Koramangala::Sony World Junction,0,0
2024-08-03,Koramangala,Sony World Junction,43258.0,35.41136806976691,1.5,100.0,100.0,1.0,136.51600000000002,45.535223505201,77.3800734454526,73.63357366553714,102.0,Windy,No,Koramangala::Sony World Junction,0,0
2024-08-04,Koramangala,Sony World Junction,57795.0,27.82949036391134,1.5,100.0,100.0,1.0,165.59,65.17550800881725,88.51057631939163,93.66487153926504,102.0,Fog,No,Koramangala::Sony World Junction,0,0
2024-08-05,Koramangala,Sony World Junction,63476.5,24.73522067286244,1.5,100.0,100.0,2.0,176.953,51.84900056423936,94.02527342448741,74.5014317232154,97.0,Fog,No,Koramangala::Sony World Junction,0,1
2024-08-06,Koramangala,Sony World Junction,69158.0,21.640950981813535,1.5,100.0,100.0,3.0,188.316,38.52249311966148,99.5399705295832,55.337991907165765,92.0,Clear,No,Koramangala::Sony World Junction,0,0
2024-08-07,Koramangala,Sony World Junction,29731.0,34.673766380270905,1.5,100.0,100.0,3.0,109.462,10.19488624032104,78.54819779364578,75.49695064722687,107.0,Clear,No,Koramangala::Sony World Junction,0,0
2024-08-08,Koramangala,Sony World Junction,24579.0,61.12027884102616,1.298334338179525,73.32146549340705,100.0,1.0,99.158,16.836895029770478,89.705806787505,85.19760331539143,93.0,Clear,No,Koramangala::Sony World Junction,0,0
2024-08-09,Koramangala,Sony World Junction,27673.0,20.0,1.5,93.96903142263425,100.0,0.0,105.346,57.72651957616217,88.79591654158355,83.96588875189096,96.0,Overcast,Yes,Koramangala::Sony World Junction,1,0
2024-07-06,M.G. Road,Anil Kumble Circle,30183.0,38.153070329498085,1.5,100.0,100.0,2.0,110.366,79.64507432761361,84.70756351137273,54.46049484810232,99.0,Overcast,No,M.G. Road::Anil Kumble Circle,0,0
2024-07-07,M.G. Road,Anil Kumble Circle,24834.0,59.78975409298521,1.0977123037424257,75.07927932383689,100.0,3.0,99.668,20.141860375876615,72.55573048574155,51.63515365006807,105.0,Clear,No,M.G. Road::Anil Kumble Circle,0,0
2024-07-08,M.G. Road,Anil Kumble Circle,25299.0,26.05632878100961,1.5,84.19507896162001,100.0,2.0,100.598,53.53075639445429,97.35375735136006,66.2768928211748,87.0,Clear,No,M.G. Road::Anil Kumble Circle,0,0
2024-07-09,M.G. Road,Anil Kumble Circle,32200.666666666668,26.30619621674639,1.5,89.46338597441334,100.0,1.6666666666666667,114.40133333333333,47.01828691545853,94.44878654184444,67.14094992982851,90.0,Clear,No,M.G. Road::Anil Kumble Circle,0,1
2024-07-10,M.G. Road,Anil Kumble Circle,39102.333333333336,26.55606365248317,1.5,94.73169298720667,100.0,1.3333333333333335,128.20466666666664,40.50581743646277,91.54381573232881,68.0050070384822,93.0,Clear,No,M.G. Road::Anil Kumble Circle,0,1
2024-07-11,M.G. Road,Anil Kumble Circle,46004.0,26.80593108821995,1.5,100.0,100.0,1.0,142.00799999999998,33.99334795746701,88.63884492281319,68.86906414713592,96.0,Clear,No,M.G. Road::Anil Kumble Circle,0,0
2024-07-12,M.G. Road,Anil Kumble Circle,24149.0,39.30131438238461,1.254317505208848,87.88619092312882,100.0,3.0,98.298,37.785897141034326,95.80929306174392,81.21371210048481,111.0,Clear,Yes,M.G. Road::Anil Kumble Circle,1,0
2024-07-13,M.G. Road,Anil Kumble Circle,40623.0,50.312890590843914,1.5,100.0,100.0,4.0,131.24599999999998,76.28544830204214,92.24796950158375,90.576346063262,77.0,Overcast,No,M.G. Road::Anil Kumble Circle,0,0
2024-07-14,M.G. Road,Anil Kumble Circle,27616.0,35.505716863977504,1.5,87.84170752177138,100.0,1.0,105.232,17.6420057066603,72.93903495364016,56.62769905922352,87.0,Fog,No,M.G. Road::Anil Kumble Circle,0,0
2024-07-15,M.G. Road,Anil Kumble Circle,24544.0,36.66591322315323,1.2279616748005064,77.07493261365067,100.0,0.0,99.088,39.80611857625566,66.93006206508517,52.22300849371373,96.0,Overcast,Yes,M.G. Road::Anil Kumble Circle,1,0
2024-07-16,M.G. Road,Anil Kumble Circle,35496.0,45.96764056570598,1.5,100.0,100.0,2.0,120.992,50.034951734767134,96.90317034315436,98.70735472437488,114.0,Rain,No,M.G. Road::Anil Kumble Circle,0,0
2024-07-17,M.G. Road,Anil Kumble Circle,38380.0,36.261638289294616,1.5,100.0,100.0,1.0,126.76000000000002,45.507233101372506,92.61236002353283,74.69522197844827,105.5,Rain,No,M.G. Road::Anil Kumble Circle,0,1
2024-07-18,M.G. Road,Anil Kumble Circle,41264.0,26.555636012883255,1.5,100.0,100.0,0.0,132.52800000000002,40.97951446797788,88.3215497039113,50.68308923252166,97.0,Overcast,No,M.G. Road::Anil Kumble Circle,0,0
2024-07-19,M.G. Road,Anil Kumble Circle,54580.0,34.40024401248427,1.5,100.0,100.0,3.0,159.16,44.77816781133909,88.98216949443807,50.196052726452365,95.0,Clear,No,M.G. Road::Anil Kumble Circle,0,0
2024-07-20,M.G. Road,Anil Kumble Circle,54821.0,53.81881706201807,1.5,100.0,100.0,0.0,159.642,25.331395939410424,67.7127248884422,61.282588440601664,96.0,Overcast,No,M.G. Road::Anil Kumble Circle,0,0
2024-07-21,M.G. Road,Anil Kumble Circle,12543.0,30.70566307570111,1.2748272567258825,39.426767007369634,64.35647657665591,0.0,75.086,12.07547785962042,93.72784906152124,89.27939636119022,204.0,Clear,No,M.G. Road::Anil Kumble Circle,0,0
2024-07-22,M.G. Road,Anil Kumble Circle,16290.333333333334,39.36102414080435,1.18722672736145,53.27712682753709,76.23765105110394,0.6666666666666666,82.58066666666666,14.546027372963573,86.93452206252084,78.44741578268578,163.0,Clear,No,M.G. Road::Anil Kumble Circle,0,1
2024-07-23,M.G. Road,Anil Kumble Circle,20037.666666666668,48.016385205907596,1.0996261979970174,67.12748664770454,88.11882552555197,1.3333333333333333,90.07533333333333,17.016576886306726,80.14119506352044,67.61543520418132,122.0,Clear,No,M.G. Road::Anil Kumble Circle,1,1
2024-07-24,M.G. Road,Anil Kumble Circle,23785.0,56.671746271010846,1.012025668632585,80.977846467872,100.0,2.0,97.57,19.48712639964988,73.34786806452004,56.78345462567688,81.0,Windy,Yes,M.G. Road::Anil Kumble Circle,1,0
2024-07-25,M.G. Road,Anil Kumble Circle,26144.0,37.592988112297306,1.5,91.6689794072773,100.0,2.0,102.288,60.498627502974806,96.32601997244087,88.78063732281471,101.0,Overcast,No,M.G. Road::Anil Kumble Circle,0,0
2024-07-26,M.G. Road,Anil Kumble Circle,12621.0,63.98267190741836,1.2670418604328044,50.035651797299025,65.23141802586561,0.0,75.242,77.45456360070528,88.35238925579573,89.94137665823841,184.0,Overcast,No,M.G. Road::Anil Kumble Circle,0,0
2024-07-27,M.G. Road,Anil Kumble Circle,13551.0,38.316593160411045,1.357304159650656,42.53916472210822,67.27865638088883,0.0,77.102,77.85811473726564,72.79326155288437,54.04924209957461,188.0,Clear,No,M.G. Road::Anil Kumble Circle,0,0
2024-07-28,M.G. Road,Anil Kumble Circle,36141.0,33.20201561687586,1.5,100.0,100.0,0.0,122.282,49.169078132936264,80.91513585024312,74.54315744946311,100.0,Rain,No,M.G. Road::Anil Kumble Circle,0,0
2024-07-29,M.G. Road,Anil Kumble Circle,40217.0,49.374327083925856,1.5,100.0,100.0,2.0,130.434,23.486285831483805,69.1219998914263,63.90228784354416,103.0,Clear,No,M.G. Road::Anil Kumble Circle,0,0
2024-07-30,M.G. Road,Anil Kumble Circle,38116.5,44.96156229675703,1.5,100.0,100.0,2.5,126.233,25.684926114502865,75.01048886343156,70.71212063780263,103.0,Clear,No,M.G. Road::Anil Kumble Circle,0,1
2024-07-31,M.G. Road,Anil Kumble Circle,36016.0,40.548797509588205,1.5,100.0,100.0,3.0,122.032,27.88356639752192,80.89897783543682,77.5219534320611,103.0,Clear,No,M.G. Road::Anil Kumble Circle,0,0
2024-08-01,M.G. Road,Anil Kumble Circle,37728.0,49.20889838837399,1.5,100.0,100.0,0.0,125.456,50.526972191492526,86.32292870803745,57.69924417631127,108.0,Clear,No,M.G. Road::Anil Kumble Circle,0,0
2024-08-02,M.G. Road,Anil Kumble Circle,56673.0,27.39855237772743,1.5,100.0,100.0,2.0,163.346,25.731811578930184,85.88828163405721,82.48254081077893,121.0,Clear,No,M.G. Road::Anil Kumble Circle,0,0
2024-08-03,M.G. Road,Anil Kumble Circle,14447.0,54.129009135738606,1.1197569045982962,53.76711005965713,70.51616560619382,1.0,78.894,23.720716641361214,93.47508168415024,50.45385823585026,213.0,Clear,Yes,M.G. Road::Anil Kumble Circle,1,0
2024-08-04,M.G. Road,Anil Kumble Circle,26739.0,29.768690779318224,1.5,93.82700097351724,100.0,2.0,103.478,59.14033166104608,73.85758142742577,63.25788824186458,102.0,Windy,Yes,M.G. Road::Anil Kumble Circle,1,0
2024-08-05,M.G. Road,Anil Kumble Circle,25575.0,33.46250528443865,1.5,87.59405300784726,100.0,4.0,101.15,49.127745165635595,71.78242656906042,59.77913031165167,93.0,Overcast,No,M.G. Road::Anil Kumble Circle,0,0
2024-08-06,M.G. Road,Anil Kumble Circle,26629.0,29.92263664702042,1.5,80.0936430770524,100.0,3.0,103.258,75.44388440207402,99.08721044551255,98.5912528549236,95.0,Clear,No,M.G. Road::Anil Kumble Circle,0,0
2024-08-07,M.G. Road,Anil Kumble Circle,14164.0,46.87804466782988,1.1263985733914994,53.721827555880694,69.008755869315,0.0,78.328,66.92184471187426,75.15253083712636,66.59835016361995,175.0,Windy,No,M.G. Road::Anil Kumble Circle,0,0
2024-08-08,M.G. Road,Anil Kumble Circle,28493.0,34.453326949637045,1.3131992866957498,76.86091377794034,84.5043779346575,0.5,106.986,55.053874936074656,80.23707905514158,63.966040768834034,142.5,Windy,No,M.G. Road::Anil Kumble Circle,0,1
2024-08-09,M.G. Road,Anil Kumble Circle,42822.0,22.028609231444214,1.5,100.0,100.0,1.0,135.644,43.185905160275055,85.32162727315678,61.333731374048114,110.0,Clear,No,M.G. Road::Anil Kumble Circle,0,0
2024-07-06,M.G. Road,Trinity Circle,28388.333333333332,33.147651000347814,1.4095196643694539,86.83647714622784,100.0,0.6666666666666666,106.77666666666667,56.93342040487413,90.61869348655289,68.57009171580086,107.0,Overcast,No,M.G. Road::Trinity Circle,0,1
2024-07-07,M.G. Road,Trinity Circle,32751.666666666664,28.706733526939736,1.454759832184727,93.41823857311391,100.0,1.3333333333333333,115.50333333333333,37.501901704309226,85.81519181358391,62.008463277691064,92.0,Overcast,No,M.G. Road::Trinity Circle,0,1
2024-07-08,M.G. Road,Trinity Circle,37115.0,24.265816053531665,1.5,100.0,100.0,2.0,124.23,18.070383003744325,81.01169014061492,55.446834839581264,77.0,Fog,No,M.G. Road::Trinity Circle,0,0
2024-07-09,M.G. Road,Trinity Circle,50510.0,61.60514132905966,1.5,100.0,100.0,0.0,151.01999999999998,60.91616253562627,71.94440049008001,65.62962477836807,100.0,Clear,No,M.G. Road::Trinity Circle,0,0
2024-07-10,M.G. Road,Trinity Circle,38942.0,48.43622799871907,1.5,100.0,100.0,1.0,127.884,45.82081539454208,78.98501687827928,54.24641565868003,91.0,Overcast,No,M.G. Road::Trinity Circle,0,0
2024-07-11,M.G. Road,Trinity Circle,25682.5,46.309218606408535,1.3501263651436015,65.99020740373756,82.29980713933216,0.5,101.36500000000001,31.435983346873705,81.33971907483041,71.54181348604381,144.5,Overcast,No,M.G. Road::Trinity Circle,0,1
2024-07-12,M.G. Road,Trinity Circle,12423.0,44.18220921409801,1.200252730287203,31.98041480747512,64.5996142786643,0.0,74.846,17.051151299205333,83.69442127138156,88.83721131340758,198.0,Overcast,No,M.G. Road::Trinity Circle,0,0
2024-07-13,M.G. Road,Trinity Circle,29288.0,38.71889053304666,1.3501263651436015,65.99020740373757,82.29980713933216,0.5,108.576,37.77705702790705,81.35658487801427,86.65183894493951,146.0,Overcast,No,M.G. Road::Trinity Circle,0,1
2024-07-14,M.G. Road,Trinity Circle,46153.0,33.255571851995306,1.5,100.0,100.0,1.0,142.30599999999998,58.502962756608774,79.018748484647,84.46646657647145,94.0,Clear,No,M.G. Road::Trinity Circle,0,0
2024-07-15,M.G. Road,Trinity Circle,34991.0,36.06195102676867,1.5,100.0,100.0,2.0,119.982,33.92671413060579,94.01151832978115,79.44840446442639,92.0,Clear,No,M.G. Road::Trinity Circle,0,0
2024-07-16,M.G. Road,Trinity Circle,11853.0,65.68945627831167,1.0804904329461564,39.009252990178425,56.14021614498495,2.0,73.706,41.451909545230315,71.26565119853234,86.18213544009447,182.0,Clear,No,M.G. Road::Trinity Circle,0,0
2024-07-17,M.G. Road,Trinity Circle,52301.0,31.82547871779732,1.5,100.0,100.0,1.0,154.602,56.53673601511078,88.34301782594223,96.87670937032372,88.0,Clear,No,M.G. Road::Trinity Circle,0,0
2024-07-18,M.G. Road,Trinity Circle,38466.5,31.636025281010717,1.328976886072729,87.89118439534417,100.0,2.5,126.93299999999999,49.50254380948746,74.7345605925546,86.96011631653066,85.0,Clear,No,M.G. Road::Trinity Circle,0,1
2024-07-19,M.G. Road,Trinity Circle,24632.0,31.44657184422411,1.1579537721454578,75.78236879068835,100.0,4.0,99.264,42.46835160386414,61.12610335916698,77.0435232627376,82.0,Clear,No,M.G. Road::Trinity Circle,0,0
2024-07-20,M.G. Road,Trinity Circle,25260.0,31.145629429208235,1.328976886072729,80.98563575741073,100.0,2.5,100.52,42.00237686659082,75.54283150483604,84.21421389129833,93.0,Clear,No,M.G. Road::Trinity Circle,0,1
2024-07-21,M.G. Road,Trinity Circle,25888.0,30.844687014192356,1.5,86.18890272413313,100.0,1.0,101.776,41.53640212931751,89.9595596505051,91.38490451985908,104.0,Clear,No,M.G. Road::Trinity Circle,0,0
2024-07-22,M.G. Road,Trinity Circle,13116.0,51.708177527448385,1.087913560623108,46.33471381861489,66.49941393057176,1.0,76.232,22.844805923080827,75.81148644111556,66.15482133527647,183.0,Clear,No,M.G. Road::Trinity Circle,0,0
2024-07-23,M.G. Road,Trinity Circle,45598.0,30.05417043281215,1.5,100.0,100.0,2.0,141.196,37.07169274678394,90.59646801701332,54.66117172297585,93.0,Clear,No,M.G. Road::Trinity Circle,0,0
2024-07-24,M.G. Road,Trinity Circle,22989.0,43.46563348550761,1.3785659627945104,84.67774862855022,100.0,1.0,95.978,76.90227690932977,84.72740260397926,63.93928911785155,100.0,Clear,No,M.G. Road::Trinity Circle,0,0
2024-07-25,M.G. Road,Trinity Circle,56193.0,35.54365056371296,1.5,100.0,100.0,1.0,162.386,67.55243550525856,89.48287779645278,94.25888646938571,98.0,Overcast,No,M.G. Road::Trinity Circle,0,0
2024-07-26,M.G. Road,Trinity Circle,47022.5,46.208033326856786,1.5,100.0,100.0,1.5,144.045,68.05051216621821,84.59907673079469,83.35132384453681,93.0,Overcast,No,M.G. Road::Trinity Circle,0,1
2024-07-27,M.G. Road,Trinity Circle,37852.0,56.87241609000061,1.5,100.0,100.0,2.0,125.704,68.54858882717787,79.7152756651366,72.44376121968791,88.0,Clear,No,M.G. Road::Trinity Circle,0,0
2024-07-28,M.G. Road,Trinity Circle,36733.0,34.24017684175785,1.5,100.0,100.0,2.0,123.466,77.9286147755704,82.83547740734271,56.01725995530559,118.0,Fog,No,M.G. Road::Trinity Circle,0,0
2024-07-29,M.G. Road,Trinity Circle,51489.0,48.44620624648279,1.5,100.0,100.0,0.0,152.978,47.30142838322236,89.06204322500761,73.86014098860453,98.0,Clear,No,M.G. Road::Trinity Circle,0,0
2024-07-30,M.G. Road,Trinity Circle,26777.0,32.641662081812186,1.5,92.97369940035068,100.0,4.0,103.554,75.00179691372959,93.7303960397256,79.89735278641727,84.0,Rain,No,M.G. Road::Trinity Circle,0,0
2024-07-31,M.G. Road,Trinity Circle,28307.5,32.61512187532965,1.5,96.08636644593939,100.0,2.5,106.61500000000001,75.73789138011847,92.77595911857834,69.81428408730693,93.5,Rain,No,M.G. Road::Trinity Circle,0,1
2024-08-01,M.G. Road,Trinity Circle,29838.0,32.58858166884712,1.5,99.1990334915281,100.0,1.0,109.676,76.47398584650735,91.82152219743108,59.7312153881966,103.0,Clear,No,M.G. Road::Trinity Circle,0,0
2024-08-02,M.G. Road,Trinity Circle,52751.0,39.66851936560558,1.5,100.0,100.0,5.0,155.502,12.33072229246726,81.25970095230954,59.4032901137439,113.0,Clear,No,M.G. Road::Trinity Circle,0,0
2024-08-03,M.G. Road,Trinity Circle,53539.0,29.02954918083802,1.5,100.0,100.0,2.0,157.078,12.694371711046497,84.35620049828863,78.64955543688741,105.0,Clear,No,M.G. Road::Trinity Circle,0,0
2024-08-04,M.G. Road,Trinity Circle,40723.0,37.9865751054658,1.5,100.0,100.0,2.0,131.446,33.79733998348075,69.1175459964738,55.978744189501086,100.0,Clear,No,M.G. Road::Trinity Circle,0,0
2024-08-05,M.G. Road,Trinity Circle,24949.0,48.37893446901781,1.246688429042648,76.98654240328226,100.0,1.0,99.898,44.53675159286346,71.62769053091117,87.41154377576251,99.0,Clear,No,M.G. Road::Trinity Circle,0,0
2024-08-06,M.G. Road,Trinity Circle,37064.0,43.69990308827369,1.5,100.0,100.0,0.0,124.128,31.287462691644325,72.86096921143843,82.85365869495456,88.0,Rain,No,M.G. Road::Trinity Circle,0,0
2024-08-07,M.G. Road,Trinity Circle,11751.0,32.83328741814739,1.3324341411824214,37.20754502423044,61.359837890063666,0.0,73.502,65.95261160067092,76.76373824299432,68.75050356115528,199.0,Overcast,No,M.G. Road::Trinity Circle,0,0
2024-08-08,M.G. Road,Trinity Circle,27399.0,42.18494105221827,1.5,100.0,100.0,2.0,104.798,17.35615536298065,66.56220550776416,85.61313401202003,105.0,Fog,No,M.G. Road::Trinity Circle,0,0
2024-08-09,M.G. Road,Trinity Circle,36477.0,45.16842939087733,1.5,100.0,100.0,3.0,122.954,29.822311585044915,60.738487554476926,60.35596680879989,95.0,Clear,No,M.G. Road::Trinity Circle,0,0
2024-07-04,Whitefield,ITPL Main Road,14104.0,51.047800997731045,1.251091973794097,45.84902550870175,67.40119177226984,0.0,78.208,59.97294000366576,83.53468852672937,58.841505666762124,148.5,Overcast,No,Whitefield::ITPL Main Road,0,1
2024-07-05,Whitefield,ITPL Main Road,7388.0,51.66245161144576,1.2790867771297356,22.933705970983127,34.98091112330741,0.0,64.776,56.92786795233598,88.35531939850648,53.34650792960443,210.0,Rain,No,Whitefield::ITPL Main Road,0,0
2024-07-06,Whitefield,ITPL Main Road,7526.75,48.9897636484484,1.2606989734000986,22.6902997793996,35.544442098690126,0.125,65.0535,52.23877555355134,87.79405076364101,56.496372087606105,208.25,Rain,No,Whitefield::ITPL Main Road,0,1
2024-07-07,Whitefield,ITPL Main Road,7665.5,46.317075685451044,1.2423111696704616,22.44689358781607,36.107973074072845,0.25,65.33099999999999,47.549683154766704,87.23278212877554,59.646236245607774,206.5,Rain,No,Whitefield::ITPL Main Road,0,1
2024-07-08,Whitefield,ITPL Main Road,7804.25,43.64438772245368,1.2239233659408244,22.203487396232543,36.67150404945556,0.375,65.60849999999999,42.86059075598207,86.67151349391008,62.796100403609444,204.75,Rain,No,Whitefield::ITPL Main Road,0,1
2024-07-09,Whitefield,ITPL Main Road,7943.0,40.97169975945632,1.2055355622111874,21.960081204649015,37.235035024838275,0.5,65.886,38.17149835719743,86.11024485904461,65.94596456161112,203.0,Rain,No,Whitefield::ITPL Main Road,0,1
2024-07-10,Whitefield,ITPL Main Road,8081.75,38.29901179645896,1.1871477584815504,21.71667501306549,37.798566000220994,0.625,66.1635,33.48240595841279,85.54897622417914,69.0958287196128,201.25,Rain,No,Whitefield::ITPL Main Road,0,1
2024-07-11,Whitefield,ITPL Main Road,8220.5,35.6263238334616,1.1687599547519132,21.473268821481962,38.362096975603706,0.75,66.441,28.793313559628153,84.98770758931369,72.24569287761446,199.5,Rain,No,Whitefield::ITPL Main Road,0,1
2024-07-12,Whitefield,ITPL Main Road,8359.25,32.95363587046424,1.1503721510222762,21.229862629898435,38.925627950986424,0.875,66.71849999999999,24.104221160843515,84.42643895444822,75.39555703561614,197.75,Rain,No,Whitefield::ITPL Main Road,0,1
2024-07-13,Whitefield,ITPL Main Road,8498.0,30.28094790746688,1.1319843472926392,20.986456438314907,39.48915892636914,1.0,66.996,19.415128762058877,83.86517031958275,78.54542119361781,196.0,Clear,No,Whitefield::ITPL Main Road,0,0
2024-07-14,Whitefield,ITPL Main Road,34082.0,30.83970278846491,1.5,100.0,100.0,2.0,118.164,11.050458621831,64.87306564040638,83.01369147139144,99.0,Rain,No,Whitefield::ITPL Main Road,0,0
2024-07-15,Whitefield,ITPL Main Road,31426.5,34.44557012845372,1.417257310788652,95.52518100658443,100.0,1.5,112.85300000000001,14.546960866689114,71.25028123204542,75.90595101109878,97.75,Rain,No,Whitefield::ITPL Main Road,0,1
2024-07-16,Whitefield,ITPL Main Road,28771.0,38.05143746844252,1.3345146215773038,91.05036201316885,100.0,1.0,107.542,18.043463111547226,77.62749682368445,68.7982105508061,96.5,Rain,No,Whitefield::ITPL Main Road,0,1
2024-07-17,Whitefield,ITPL Main Road,26115.5,41.657304808431334,1.2517719323659555,86.57554301975327,100.0,0.5,102.231,21.53996535640534,84.0047124153235,61.690470090513436,95.25,Rain,No,Whitefield::ITPL Main Road,1,1
2024-07-18,Whitefield,ITPL Main Road,23460.0,45.26317214842014,1.1690292431546074,82.1007240263377,100.0,0.0,96.92,25.036467601263453,90.38192800696254,54.58272963022077,94.0,Clear,Yes,Whitefield::ITPL Main Road,1,0
2024-07-19,Whitefield,ITPL Main Road,24835.0,37.32425611141317,1.2793528287697382,85.01691962232437,100.0,0.3333333333333333,99.67,21.660092557946157,85.41538242408507,55.798256546179694,98.66666666666667,Clear,Yes,Whitefield::ITPL Main Road,1,1
2024-07-20,Whitefield,ITPL Main Road,26210.0,29.385340074406194,1.3896764143848692,87.93311521831102,100.0,0.6666666666666666,102.42,18.28371751462886,80.4488368412076,57.013783462138626,103.33333333333333,Clear,Yes,Whitefield::ITPL Main Road,0,1
2024-07-21,Whitefield,ITPL Main Road,27585.0,21.446424037399225,1.5,90.84931081429768,100.0,1.0,105.17,14.907342471311567,75.48229125833012,58.22931037809755,108.0,Clear,No,Whitefield::ITPL Main Road,0,0
2024-07-22,Whitefield,ITPL Main Road,23086.0,46.94316313389235,1.3683700688513092,71.61403681781668,100.0,2.0,96.172,48.31568995644044,69.9576638348462,50.32293105896848,99.0,Clear,No,Whitefield::ITPL Main Road,0,0
2024-07-23,Whitefield,ITPL Main Road,26731.333333333332,49.78849431286093,1.4122467125675395,81.07602454521113,100.0,1.3333333333333335,103.46266666666666,50.950634959995156,72.6957746176242,64.26914919046114,98.66666666666667,Clear,No,Whitefield::ITPL Main Road,0,1
2024-07-24,Whitefield,ITPL Main Road,30376.666666666668,52.63382549182951,1.4561233562837697,90.53801227260556,100.0,0.6666666666666667,110.75333333333333,53.58557996354988,75.43388540040218,78.21536732195378,98.33333333333333,Clear,No,Whitefield::ITPL Main Road,0,1
2024-07-25,Whitefield,ITPL Main Road,34022.0,55.47915667079809,1.5,100.0,100.0,0.0,118.044,56.2205249671046,78.17199618318017,92.16158545344643,98.0,Overcast,No,Whitefield::ITPL Main Road,0,0
2024-07-26,Whitefield,ITPL Main Road,33348.0,48.6149755120835,1.5,100.0,100.0,1.5,116.696,63.760201366961596,88.744104852897,75.11610400851112,102.0,Overcast,No,Whitefield::ITPL Main Road,0,1
2024-07-27,Whitefield,ITPL Main Road,32674.0,41.7507943533689,1.5,100.0,100.0,3.0,115.348,71.29987776681858,99.31621352261382,58.07062256357578,106.0,Clear,No,Whitefield::ITPL Main Road,0,0
2024-07-28,Whitefield,ITPL Main Road,20143.5,39.3964624258141,1.3466491987187077,58.303133720396175,70.68794683005493,1.5,90.287,52.62925869139755,85.30817616524723,77.40199502735913,154.0,Clear,No,Whitefield::ITPL Main Road,0,1
2024-07-29,Whitefield,ITPL Main Road,7613.0,37.0421304982593,1.1932983974374154,16.606267440792358,41.37589366010984,0.0,65.226,33.95863961597653,71.30013880788063,96.73336749114247,202.0,Clear,No,Whitefield::ITPL Main Road,0,0
2024-07-30,Whitefield,ITPL Main Road,16637.0,46.397827288690664,1.1043349585369633,46.98910227036176,80.57248201252993,1.0,83.274,59.20255227560459,99.26933382211314,75.34495187694162,84.0,Clear,No,Whitefield::ITPL Main Road,0,0
2024-07-31,Whitefield,ITPL Main Road,10136.0,48.88795761349395,1.3497390998117271,41.88758340799652,52.76363610018276,2.0,70.27199999999999,36.3436336301036,93.27685965938475,99.38057360749283,182.0,Clear,No,Whitefield::ITPL Main Road,0,0
2024-08-01,Whitefield,ITPL Main Road,15637.333333333332,45.31757494683468,1.3998260665411515,57.08044610622158,68.50909073345517,2.3333333333333335,81.27466666666666,38.81998446852221,85.13353593458639,90.96371736603388,156.66666666666666,Clear,No,Whitefield::ITPL Main Road,0,1
2024-08-02,Whitefield,ITPL Main Road,21138.666666666664,41.74719228017541,1.4499130332705756,72.27330880444663,84.25454536672758,2.6666666666666665,92.27733333333333,41.29633530694081,76.99021220978801,82.54686112457493,131.33333333333334,Clear,No,Whitefield::ITPL Main Road,0,1
2024-08-03,Whitefield,ITPL Main Road,26640.0,38.17680961351614,1.5,87.46617150267168,100.0,3.0,103.28,43.77268614535942,68.84688848498965,74.13000488311597,106.0,Overcast,No,Whitefield::ITPL Main Road,0,0
2024-08-04,Whitefield,ITPL Main Road,26071.0,38.548595893716424,1.4031071034232763,87.99811593851602,100.0,2.3333333333333335,102.142,35.954402283791566,69.50468662091083,81.56719330011857,101.0,Overcast,No,Whitefield::ITPL Main Road,0,1
2024-08-05,Whitefield,ITPL Main Road,25502.0,38.92038217391671,1.3062142068465528,88.53006037436037,100.0,1.6666666666666667,101.004,28.13611842222371,70.162484756832,89.00438171712119,96.0,Overcast,No,Whitefield::ITPL Main Road,0,1
2024-08-06,Whitefield,ITPL Main Road,24933.0,39.29216845411699,1.209321310269829,89.06200481020471,100.0,1.0,99.866,20.317834560655857,70.82028289275318,96.4415701341238,91.0,Clear,No,Whitefield::ITPL Main Road,0,0
2024-08-07,Whitefield,ITPL Main Road,8152.0,56.5940317420292,1.1375458485644565,31.42223257521379,43.55025066057004,0.0,66.304,27.14211370934729,70.96848488550216,60.019273910003065,201.0,Clear,No,Whitefield::ITPL Main Road,0,0
2024-07-05,Whitefield,Marathahalli Bridge,15890.333333333332,23.490654911968793,1.2530252423851085,42.04410843215863,56.700269607502214,2.3333333333333335,81.78066666666666,30.03007690759221,95.13494471864873,62.22634724938788,167.33333333333331,Clear,No,Whitefield::Marathahalli Bridge,0,1
2024-07-06,Whitefield,Marathahalli Bridge,6290.0,25.235982367953188,1.1295378635776627,13.06616264823795,35.050404411253325,1.0,62.58,31.79122622424171,95.70471140354864,65.25565336935232,206.0,Windy,No,Whitefield::Marathahalli Bridge,0,0
2024-07-07,Whitefield,Marathahalli Bridge,15963.333333333334,29.03816620897504,1.2530252423851085,42.04410843215864,56.70026960750222,1.6666666666666665,81.92666666666666,31.933815719905493,85.19367042909839,66.81070206174039,175.0,Windy,No,Whitefield::Marathahalli Bridge,0,1
2024-07-08,Whitefield,Marathahalli Bridge,25636.666666666668,32.840350049996886,1.3765126211925542,71.02205421607933,78.3501348037511,2.333333333333333,101.27333333333334,32.076405215569274,74.68262945464814,68.36575075412844,144.0,Windy,No,Whitefield::Marathahalli Bridge,0,1
2024-07-09,Whitefield,Marathahalli Bridge,35310.0,36.642533891018736,1.5,100.0,100.0,3.0,120.62,32.21899471123305,64.17158848019788,69.92079944651651,113.0,Clear,No,Whitefield::Marathahalli Bridge,0,0
2024-07-10,Whitefield,Marathahalli Bridge,28470.0,44.00143367772469,1.5,87.70766858445106,100.0,4.0,106.94,17.723738452901678,90.47503301772294,92.11511319353204,77.0,Clear,No,Whitefield::Marathahalli Bridge,0,0
2024-07-11,Whitefield,Marathahalli Bridge,22380.0,44.43135329769251,1.3183265768098844,70.5004916053915,93.15189862801759,2.0,94.75999999999999,37.97496839383595,86.42238990383409,92.14871151373222,88.5,Clear,No,Whitefield::Marathahalli Bridge,0,1
2024-07-12,Whitefield,Marathahalli Bridge,16290.0,44.86127291766034,1.1366531536197688,53.29331462633195,86.3037972560352,0.0,82.58,58.22619833477022,82.36974678994524,92.18230983393242,100.0,Clear,No,Whitefield::Marathahalli Bridge,0,0
2024-07-13,Whitefield,Marathahalli Bridge,20860.5,40.56847490085555,1.3183265768098844,70.41551164642007,93.15189862801759,1.0,91.721,57.55365491949414,86.0483120647512,91.0124424437405,106.5,Clear,No,Whitefield::Marathahalli Bridge,0,1
2024-07-14,Whitefield,Marathahalli Bridge,25431.0,36.27567688405075,1.5,87.53770866650821,100.0,2.0,100.862,56.88111150421807,89.72687733955716,89.84257505354856,113.0,Clear,No,Whitefield::Marathahalli Bridge,0,0
2024-07-15,Whitefield,Marathahalli Bridge,28694.0,43.70329332467807,1.5,100.0,100.0,1.0,107.388,23.074369740034108,88.37514590983989,70.0903737717567,80.0,Clear,No,Whitefield::Marathahalli Bridge,0,0
2024-07-16,Whitefield,Marathahalli Bridge,21663.0,22.92255319467926,1.3629176461454335,63.327978099953285,100.0,0.0,93.326,22.753124535149013,92.02026057360428,53.75181136851522,87.0,Clear,No,Whitefield::Marathahalli Bridge,0,0
2024-07-17,Whitefield,Marathahalli Bridge,20518.0,27.13759916863894,1.3149249175887705,59.803135376980954,95.00675355907768,0.0,91.036,25.504864030221952,88.62712576446425,55.92237981768024,89.4,Clear,No,Whitefield::Marathahalli Bridge,0,1
2024-07-18,Whitefield,Marathahalli Bridge,19373.0,31.352645142598618,1.2669321890321077,56.278292654008624,90.01350711815536,0.0,88.746,28.256603525294896,85.23399095532423,58.09294826684525,91.8,Clear,No,Whitefield::Marathahalli Bridge,0,1
2024-07-19,Whitefield,Marathahalli Bridge,18228.0,35.567691116558294,1.2189394604754447,52.753449931036286,85.02026067723304,0.0,86.456,31.008343020367835,81.8408561461842,60.263516716010265,94.2,Clear,No,Whitefield::Marathahalli Bridge,0,1
2024-07-20,Whitefield,Marathahalli Bridge,17083.0,39.78273709051797,1.1709467319187818,49.228607208063956,80.02701423631072,0.0,84.166,33.76008251544078,78.44772133704417,62.434085165175276,96.6,Clear,No,Whitefield::Marathahalli Bridge,0,1
2024-07-21,Whitefield,Marathahalli Bridge,15938.0,43.99778306447765,1.1229540033621188,45.703764485091625,75.0337677953884,0.0,81.876,36.51182201051372,75.05458652790415,64.6046536143403,99.0,Clear,No,Whitefield::Marathahalli Bridge,0,0
2024-07-22,Whitefield,Marathahalli Bridge,23067.0,42.78223994681434,1.3114770016810593,72.21230857014947,87.5168838976942,1.5,96.134,57.96233561708178,68.14788238917544,60.741900195131585,104.0,Clear,No,Whitefield::Marathahalli Bridge,0,1
2024-07-23,Whitefield,Marathahalli Bridge,30196.0,41.56669682915104,1.5,98.72085265520734,100.0,3.0,110.392,79.41284922364984,61.24117825044674,56.87914677592288,109.0,Clear,No,Whitefield::Marathahalli Bridge,0,0
2024-07-24,Whitefield,Marathahalli Bridge,28874.5,37.535931040381854,1.5,92.9387384817476,100.0,3.5,107.749,45.96907184993765,66.00294542305491,55.47522253510555,109.0,Clear,No,Whitefield::Marathahalli Bridge,0,1
2024-07-25,Whitefield,Marathahalli Bridge,27553.0,33.50516525161267,1.5,87.15662430828786,100.0,4.0,105.106,12.52529447622546,70.7647125956631,54.071298294288226,109.0,Clear,No,Whitefield::Marathahalli Bridge,0,0
2024-07-26,Whitefield,Marathahalli Bridge,15456.0,44.21450877394514,1.158271778418397,46.8083708757896,77.82870562141883,0.0,80.912,63.185288505117995,89.01439861477722,54.23571559611915,93.0,Clear,No,Whitefield::Marathahalli Bridge,0,0
2024-07-27,Whitefield,Marathahalli Bridge,18661.5,46.76850154863439,1.0821317096443623,59.357787847334464,88.91435281070942,1.0,87.32300000000001,54.1375299999775,83.98692683856487,69.74395644010329,99.0,Clear,No,Whitefield::Marathahalli Bridge,0,1
2024-07-28,Whitefield,Marathahalli Bridge,21867.0,49.32249432332364,1.0059916408703278,71.90720481887932,100.0,2.0,93.734,45.08977149483702,78.9594550623525,85.25219728408743,105.0,Clear,No,Whitefield::Marathahalli Bridge,0,0
2024-07-29,Whitefield,Marathahalli Bridge,26553.5,39.071553410085244,1.2529958204351639,85.95360240943967,100.0,2.0,103.107,54.26146952508663,77.96945971231543,70.51769227203364,104.5,Clear,No,Whitefield::Marathahalli Bridge,0,1
2024-07-30,Whitefield,Marathahalli Bridge,31240.0,28.820612496846856,1.5,100.0,100.0,2.0,112.48,63.43316755533625,76.97946436227835,55.78318725997985,104.0,Overcast,No,Whitefield::Marathahalli Bridge,0,0
2024-07-31,Whitefield,Marathahalli Bridge,27452.5,32.443221530986364,1.3391145655545038,92.17739569176652,100.0,1.5,104.905,44.89708325255838,75.98458071583218,56.25383328774464,96.0,Overcast,No,Whitefield::Marathahalli Bridge,0,1
2024-08-01,Whitefield,Marathahalli Bridge,23665.0,36.065830565125864,1.1782291311090076,84.35479138353304,100.0,1.0,97.33,26.360998949780512,74.98969706938603,56.72447931550944,88.0,Clear,No,Whitefield::Marathahalli Bridge,0,0
2024-08-02,Whitefield,Marathahalli Bridge,27233.666666666668,33.24911843876714,1.285486087406005,89.56986092235536,100.0,1.0,104.46733333333333,29.23248260025238,76.83975516886723,60.183446866743154,89.33333333333333,Clear,No,Whitefield::Marathahalli Bridge,0,1
2024-08-03,Whitefield,Marathahalli Bridge,30802.333333333332,30.432406312408414,1.3927430437030026,94.78493046117768,100.0,1.0,111.60466666666667,32.10396625072425,78.68981326834844,63.642414417976866,90.66666666666667,Clear,No,Whitefield::Marathahalli Bridge,0,1
2024-08-04,Whitefield,Marathahalli Bridge,34371.0,27.615694186049687,1.5,100.0,100.0,1.0,118.742,34.975449901196114,80.53987136782965,67.10138196921058,92.0,Rain,No,Whitefield::Marathahalli Bridge,0,0
2024-08-05,Whitefield,Marathahalli Bridge,24916.0,58.60395865589253,1.367918817669716,80.39957369339089,100.0,1.0,99.832,74.22522953592846,81.99654901230078,82.02345239692094,91.0,Windy,Yes,Whitefield::Marathahalli Bridge,1,0
2024-08-06,Whitefield,Marathahalli Bridge,24854.5,45.465275768684464,1.3096565710659709,79.70742464687746,100.0,1.0,99.709,57.4544497590076,87.70051940554586,89.72164834964846,86.5,Windy,Yes,Whitefield::Marathahalli Bridge,0,1
2024-08-07,Whitefield,Marathahalli Bridge,24793.0,32.326592881476394,1.251394324462226,79.015275600364,100.0,1.0,99.586,40.683669982086734,93.40448979879096,97.41984430237596,82.0,Rain,No,Whitefield::Marathahalli Bridge,0,0
2024-08-08,Whitefield,Marathahalli Bridge,23999.0,32.731127592162366,1.213251101698376,86.82860635646688,100.0,2.0,97.998,71.68514108076627,68.25416187930367,87.42932276666497,84.0,Clear,No,Whitefield::Marathahalli Bridge,0,0
2024-07-04,Yeshwanthpur,Tumkur Road,18522.5,41.773429794089836,1.1110263769327036,56.259202890472295,89.10209700898588,1.5,87.045,66.02275185041846,72.75004544192826,87.8242347455622,106.25,Overcast,No,Yeshwanthpur::Tumkur Road,0,1
2024-07-05,Yeshwanthpur,Tumkur Road,17336.0,39.60724243225651,1.120659989176079,52.535892498036425,85.46946267864783,2.0,84.672,62.28925914523158,75.7252180698082,88.7434573220086,112.0,Clear,No,Yeshwanthpur::Tumkur Road,0,0
2024-07-06,Yeshwanthpur,Tumkur Road,15860.5,45.149515658186544,1.182898151094641,53.1281535715969,79.34647936404073,1.0,81.721,68.10199625096988,72.78352531179937,89.90174058791797,151.5,Clear,No,Yeshwanthpur::Tumkur Road,0,1
2024-07-07,Yeshwanthpur,Tumkur Road,14385.0,50.691788884116576,1.245136313013203,53.72041464515736,73.22349604943362,0.0,78.77,73.91473335670815,69.84183255379052,91.06002385382736,191.0,Clear,No,Yeshwanthpur::Tumkur Road,0,0
2024-07-08,Yeshwanthpur,Tumkur Road,16136.0,50.4121364720141,1.3065333479697827,52.76960346945228,78.70125426474384,0.0,82.27199999999999,41.16172311256132,64.61636378521362,60.47614516205881,91.0,Clear,No,Yeshwanthpur::Tumkur Road,0,0
2024-07-09,Yeshwanthpur,Tumkur Road,22190.5,39.69350266221346,1.4032666739848914,74.04437210028159,89.35062713237193,1.0,94.381,28.44902187983536,82.2003391394854,71.26035823224512,96.0,Clear,No,Yeshwanthpur::Tumkur Road,0,1
2024-07-10,Yeshwanthpur,Tumkur Road,28245.0,28.974868852412833,1.5,95.3191407311109,100.0,2.0,106.49,15.7363206471094,99.78431449375717,82.04457130243145,101.0,Clear,No,Yeshwanthpur::Tumkur Road,0,0
2024-07-11,Yeshwanthpur,Tumkur Road,8319.0,38.041355673625674,1.1589820314139598,33.256445557645776,43.37698939930481,1.0,66.638,46.01480078065851,90.81875307136312,98.58525500405194,194.0,Rain,No,Yeshwanthpur::Tumkur Road,0,0
2024-07-12,Yeshwanthpur,Tumkur Road,21079.0,44.162285845263966,1.2361241357875188,71.775394560798,100.0,4.0,92.158,56.537262221143294,71.35957023057702,93.26782371902048,101.0,Clear,No,Yeshwanthpur::Tumkur Road,0,0
2024-07-13,Yeshwanthpur,Tumkur Road,24017.0,41.401998984164415,1.2281725345626944,83.34718252890836,100.0,3.0,98.034,66.62518657633258,89.17411831767636,59.50658382973673,90.0,Clear,Yes,Yeshwanthpur::Tumkur Road,1,0
2024-07-14,Yeshwanthpur,Tumkur Road,17110.0,48.9757851215676,1.1065765628242603,56.84747885910463,89.80587869643836,1.0,84.22,55.223352356859834,66.05638460891048,56.22026689441152,101.0,Clear,No,Yeshwanthpur::Tumkur Road,0,0
2024-07-15,Yeshwanthpur,Tumkur Road,16335.0,49.54192082021874,1.2918034852173574,56.05172979858804,79.72841343739056,0.0,82.67,35.588537021523656,78.79267571715536,77.20937038693363,99.0,Rain,No,Yeshwanthpur::Tumkur Road,0,0
2024-07-16,Yeshwanthpur,Tumkur Road,16113.4,47.55006717884922,1.249507216335706,55.773532169475764,80.00320704181364,0.0,82.2268,37.02626649114384,78.38109253380972,77.20513381317205,98.8,Rain,No,Yeshwanthpur::Tumkur Road,0,1
2024-07-17,Yeshwanthpur,Tumkur Road,15891.8,45.558213537479695,1.2072109474540542,55.49533454036349,80.27800064623672,0.0,81.7836,38.46399596076403,77.96950935046408,77.20089723941048,98.6,Rain,No,Yeshwanthpur::Tumkur Road,0,1
2024-07-18,Yeshwanthpur,Tumkur Road,15670.2,43.566359896110164,1.1649146785724027,55.21713691125122,80.55279425065979,0.0,81.3404,39.90172543038421,77.55792616711845,77.1966606656489,98.4,Rain,No,Yeshwanthpur::Tumkur Road,0,1
2024-07-19,Yeshwanthpur,Tumkur Road,15448.6,41.57450625474064,1.122618409690751,54.93893928213894,80.82758785508287,0.0,80.89720000000001,41.3394549000044,77.14634298377281,77.19242409188733,98.2,Rain,No,Yeshwanthpur::Tumkur Road,0,1
2024-07-20,Yeshwanthpur,Tumkur Road,15227.0,39.58265261337112,1.0803221408090995,54.66074165302666,81.10238145950595,0.0,80.45400000000001,42.777184369624585,76.73475980042717,77.18818751812576,98.0,Clear,No,Yeshwanthpur::Tumkur Road,0,0
2024-07-21,Yeshwanthpur,Tumkur Road,14462.0,38.6179028495458,1.1970918537769792,52.969242769619115,73.24932910190982,0.5,78.924,51.71376671809477,82.4695841687747,84.5899532044692,143.5,Clear,No,Yeshwanthpur::Tumkur Road,0,1
2024-07-22,Yeshwanthpur,Tumkur Road,13697.0,37.65315308572048,1.3138615667448588,51.277743886211574,65.3962767443137,1.0,77.394,60.65034906656495,88.20440853712225,91.99171889081263,189.0,Clear,No,Yeshwanthpur::Tumkur Road,0,0
2024-07-23,Yeshwanthpur,Tumkur Road,17647.0,56.8520170606897,1.0094746926026226,50.1610886101781,84.79604093930796,0.0,85.294,40.13385637217933,65.45856995477939,90.6455530505043,104.0,Fog,No,Yeshwanthpur::Tumkur Road,0,0
2024-07-24,Yeshwanthpur,Tumkur Road,20319.6,54.02360442428794,1.107579754082098,60.12887088814248,87.83683275144637,0.0,90.6392,43.065318512762,69.00418766639551,89.15034416847597,103.0,Fog,No,Yeshwanthpur::Tumkur Road,0,1
2024-07-25,Yeshwanthpur,Tumkur Road,22992.2,51.19519178788618,1.2056848155615736,70.09665316610686,90.87762456358477,0.0,95.9844,45.996780653344665,72.54980537801164,87.65513528644762,102.0,Fog,No,Yeshwanthpur::Tumkur Road,0,1
2024-07-26,Yeshwanthpur,Tumkur Road,25664.8,48.36677915148443,1.303789877041049,80.06443544407124,93.91841637572318,0.0,101.3296,48.92824279392734,76.09542308962776,86.15992640441928,101.0,Fog,No,Yeshwanthpur::Tumkur Road,0,1
2024-07-27,Yeshwanthpur,Tumkur Road,28337.4,45.53836651508267,1.4018949385205244,90.03221772203563,96.95920818786159,0.0,106.6748,51.859704934510006,79.64104080124389,84.66471752239093,100.0,Fog,No,Yeshwanthpur::Tumkur Road,0,1
2024-07-28,Yeshwanthpur,Tumkur Road,31010.0,42.70995387868091,1.5,100.0,100.0,0.0,112.02,54.79116707509267,83.18665851286,83.1695086403626,99.0,Overcast,No,Yeshwanthpur::Tumkur Road,0,0
2024-07-29,Yeshwanthpur,Tumkur Road,21090.0,51.47286137562173,1.3432481090448767,66.16831714128267,77.38355650513014,0.0,92.18,47.428475641715565,75.83386530034394,70.44403981599305,171.0,Overcast,No,Yeshwanthpur::Tumkur Road,0,1
2024-07-30,Yeshwanthpur,Tumkur Road,11170.0,60.235768872562545,1.1864962180897536,32.33663428256534,54.767113010260296,0.0,72.34,40.06578420833845,68.4810720878279,57.718570991623515,243.0,Clear,No,Yeshwanthpur::Tumkur Road,0,0
2024-07-31,Yeshwanthpur,Tumkur Road,12076.0,51.56683204214987,1.2537052006772462,39.706022097627404,60.648704720925835,0.3333333333333333,74.152,43.67446105786048,73.91689160774972,58.66968043919664,233.33333333333334,Clear,No,Yeshwanthpur::Tumkur Road,0,1
2024-08-01,Yeshwanthpur,Tumkur Road,12982.0,42.89789521173719,1.3209141832647389,47.075409912689466,66.53029643159138,0.6666666666666666,75.964,47.283137907382525,79.35271112767154,59.62078988676977,223.66666666666666,Clear,No,Yeshwanthpur::Tumkur Road,0,1
2024-08-02,Yeshwanthpur,Tumkur Road,13888.0,34.228958381324524,1.3881231658522315,54.44479772775153,72.41188814225691,1.0,77.776,50.89181475690456,84.78853064759336,60.571899334342895,214.0,Fog,No,Yeshwanthpur::Tumkur Road,0,0
2024-08-03,Yeshwanthpur,Tumkur Road,11503.0,30.07668909413221,1.1019289093395963,30.999137681702287,57.71468558868641,0.0,73.006,33.694953122739115,94.59914798135348,92.84532431085564,219.0,Overcast,No,Yeshwanthpur::Tumkur Road,0,0
2024-08-04,Yeshwanthpur,Tumkur Road,14639.333333333334,32.617139309114194,1.1859594903028017,43.979487493734275,71.8097903924576,0.0,79.27866666666667,33.95008127099036,94.92769349025218,83.64197284448456,178.0,Overcast,No,Yeshwanthpur::Tumkur Road,0,1
2024-08-05,Yeshwanthpur,Tumkur Road,17775.666666666668,35.15758952409618,1.2699900712660073,56.95983730576627,85.90489519622881,0.0,85.55133333333333,34.2052094192416,95.2562389991509,74.43862137811347,137.0,Overcast,No,Yeshwanthpur::Tumkur Road,0,1
2024-08-06,Yeshwanthpur,Tumkur Road,20912.0,37.69803973907817,1.3540206522292126,69.94018711779826,100.0,0.0,91.824,34.46033756749284,95.5847845080496,65.23526991174238,96.0,Clear,No,Yeshwanthpur::Tumkur Road,0,0
2024-08-07,Yeshwanthpur,Tumkur Road,21547.0,39.333780747277885,1.0978240410881912,62.09627730421454,100.0,0.0,93.094,36.616024939351306,82.73757239324439,77.29598272293732,110.0,Clear,No,Yeshwanthpur::Tumkur Road,0,0
2024-07-06,Yeshwanthpur,Yeshwanthpur Circle,31721.0,34.107224264756674,1.5,100.0,100.0,3.0,113.442,26.480042713687947,80.8986561888334,67.66979674160119,107.0,Clear,No,Yeshwanthpur::Yeshwanthpur Circle,0,0
2024-07-07,Yeshwanthpur,Yeshwanthpur Circle,22019.0,50.374492237798634,1.1099596895519903,67.99361194043988,100.0,0.0,94.038,47.809771422725966,73.4517208791552,95.60871168903002,89.0,Clear,No,Yeshwanthpur::Yeshwanthpur Circle,0,0
2024-07-08,Yeshwanthpur,Yeshwanthpur Circle,17257.5,46.66477545753722,1.2476449870594504,57.28842131697908,78.97080789623756,0.5,84.515,56.36446004848436,79.90320086745787,86.7030779726528,141.0,Clear,No,Yeshwanthpur::Yeshwanthpur Circle,0,1
2024-07-09,Yeshwanthpur,Yeshwanthpur Circle,12496.0,42.9550586772758,1.3853302845669104,46.58323069351828,57.94161579247511,1.0,74.992,64.91914867424276,86.35468085576053,77.79744425627558,193.0,Clear,Yes,Yeshwanthpur::Yeshwanthpur Circle,1,0
2024-07-10,Yeshwanthpur,Yeshwanthpur Circle,16423.5,42.12564978238676,1.4139977134251829,58.14463188193193,68.45621184435633,1.0,82.84700000000001,67.49732420286936,88.42887506810831,76.07041595899591,165.25,Clear,Yes,Yeshwanthpur::Yeshwanthpur Circle,1,1
2024-07-11,Yeshwanthpur,Yeshwanthpur Circle,20351.0,41.29624088749772,1.442665142283455,69.70603307034558,78.97080789623756,1.0,90.702,70.07549973149597,90.50306928045609,74.34338766171624,137.5,Clear,Yes,Yeshwanthpur::Yeshwanthpur Circle,0,1
2024-07-12,Yeshwanthpur,Yeshwanthpur Circle,24278.5,40.46683199260868,1.4713325711417276,81.26743425875922,89.48540394811877,1.0,98.557,72.65367526012257,92.57726349280387,72.61635936443658,109.75,Clear,Yes,Yeshwanthpur::Yeshwanthpur Circle,0,1
2024-07-13,Yeshwanthpur,Yeshwanthpur Circle,28206.0,39.63742309771964,1.5,92.82883544717288,100.0,1.0,106.412,75.23185078874917,94.65145770515164,70.8893310671569,82.0,Clear,No,Yeshwanthpur::Yeshwanthpur Circle,0,0
2024-07-14,Yeshwanthpur,Yeshwanthpur Circle,20941.0,43.5672470243295,1.447460322924358,68.14588176096916,78.7843062289091,1.0,91.882,65.89944644022782,87.90560311763443,78.88506145058189,118.33333333333334,Clear,No,Yeshwanthpur::Yeshwanthpur Circle,0,1
2024-07-15,Yeshwanthpur,Yeshwanthpur Circle,13676.0,47.497070950939346,1.394920645848716,43.46292807476545,57.56861245781821,1.0,77.352,56.56704209170648,81.15974853011721,86.88079183400686,154.66666666666669,Clear,No,Yeshwanthpur::Yeshwanthpur Circle,0,1
2024-07-16,Yeshwanthpur,Yeshwanthpur Circle,6411.0,51.4268948775492,1.342380968773074,18.77997438856174,36.352918686727314,1.0,62.822,47.23463774318514,74.4138939426,94.87652221743184,191.0,Rain,No,Yeshwanthpur::Yeshwanthpur Circle,0,0
2024-07-17,Yeshwanthpur,Yeshwanthpur Circle,15153.5,35.7134474387746,1.3030131261446298,45.440957837353444,68.17645934336366,1.0,80.307,55.89126107855705,85.99343770113222,86.80461725115808,143.5,Rain,No,Yeshwanthpur::Yeshwanthpur Circle,0,1
2024-07-18,Yeshwanthpur,Yeshwanthpur Circle,23896.0,20.0,1.263645283516186,72.10194128614515,100.0,1.0,97.792,64.54788441392895,97.57298145966446,78.7327122848843,96.0,Overcast,No,Yeshwanthpur::Yeshwanthpur Circle,0,0
2024-07-19,Yeshwanthpur,Yeshwanthpur Circle,12182.0,37.32158737784054,1.1570121536556397,44.376504401607264,63.350483273754875,0.0,74.364,53.087963540996554,72.91546445623686,61.82333865006886,217.0,Overcast,No,Yeshwanthpur::Yeshwanthpur Circle,0,0
2024-07-20,Yeshwanthpur,Yeshwanthpur Circle,15295.666666666666,40.904911011360554,1.1053539451483723,56.481826056181426,75.56698884916992,0.3333333333333333,80.59133333333334,42.79444283786517,81.17960914615249,67.77871041009517,175.33333333333334,Overcast,No,Yeshwanthpur::Yeshwanthpur Circle,0,1
2024-07-21,Yeshwanthpur,Yeshwanthpur Circle,18409.333333333332,44.48823464488057,1.053695736641105,68.58714771075559,87.78349442458496,0.6666666666666666,86.81866666666667,32.500922134733784,89.4437538360681,73.7340821701215,133.66666666666669,Overcast,No,Yeshwanthpur::Yeshwanthpur Circle,0,1
2024-07-22,Yeshwanthpur,Yeshwanthpur Circle,21523.0,48.07155827840059,1.0020375281338376,80.69246936532974,100.0,1.0,93.046,22.2074014316024,97.70789852598372,79.6894539301478,92.0,Overcast,No,Yeshwanthpur::Yeshwanthpur Circle,0,0
2024-07-23,Yeshwanthpur,Yeshwanthpur Circle,27122.0,20.0,1.5,81.2800473547045,100.0,0.0,104.244,77.63699777583776,93.6495775394188,85.7719962079592,101.0,Clear,No,Yeshwanthpur::Yeshwanthpur Circle,0,0
2024-07-24,Yeshwanthpur,Yeshwanthpur Circle,25292.0,25.067854705368045,1.3850455949127194,77.91459786577353,98.61523277497355,0.25,100.584,72.20061888552291,91.4059545691405,78.44916365603135,94.75,Clear,No,Yeshwanthpur::Yeshwanthpur Circle,0,1
2024-07-25,Yeshwanthpur,Yeshwanthpur Circle,23462.0,30.13570941073609,1.270091189825439,74.54914837684257,97.2304655499471,0.5,96.924,66.76423999520807,89.16233159886221,71.12633110410349,88.5,Clear,No,Yeshwanthpur::Yeshwanthpur Circle,0,1
2024-07-26,Yeshwanthpur,Yeshwanthpur Circle,21632.0,35.20356411610413,1.1551367847381586,71.18369888791162,95.84569832492065,0.75,93.264,61.327861104893216,86.91870862858393,63.80349855217561,82.25,Clear,No,Yeshwanthpur::Yeshwanthpur Circle,0,1
2024-07-27,Yeshwanthpur,Yeshwanthpur Circle,19802.0,40.27141882147218,1.040182379650878,67.81824939898065,94.4609310998942,1.0,89.604,55.891482214578375,84.67508565830563,56.48066600024775,76.0,Clear,No,Yeshwanthpur::Yeshwanthpur Circle,0,0
2024-07-28,Yeshwanthpur,Yeshwanthpur Circle,18578.6,36.21713505717774,1.07891421052683,64.19422563251626,89.18871091595253,1.0,87.1572,57.51266744137172,81.27483014223895,63.787304156422664,103.8,Clear,No,Yeshwanthpur::Yeshwanthpur Circle,0,1
2024-07-29,Yeshwanthpur,Yeshwanthpur Circle,17355.2,32.16285129288331,1.117646041402782,60.57020186605188,83.91649073201084,1.0,84.7104,59.13385266816506,77.87457462617228,71.09394231259758,131.6,Clear,No,Yeshwanthpur::Yeshwanthpur Circle,0,1
2024-07-30,Yeshwanthpur,Yeshwanthpur Circle,16131.8,28.10856752858887,1.156377872278734,56.94617809958749,78.64427054806917,1.0,82.2636,60.755037894958406,74.4743191101056,78.40058046877249,159.4,Clear,No,Yeshwanthpur::Yeshwanthpur Circle,0,1
2024-07-31,Yeshwanthpur,Yeshwanthpur Circle,14908.4,24.054283764294436,1.195109703154686,53.32215433312311,73.37205036412749,1.0,79.8168,62.37622312175175,71.07406359403892,85.7072186249474,187.2,Clear,No,Yeshwanthpur::Yeshwanthpur Circle,0,1
2024-08-01,Yeshwanthpur,Yeshwanthpur Circle,13685.0,20.0,1.233841534030638,49.69813056665872,68.09983018018582,1.0,77.37,63.99740834854509,67.67380807797224,93.01385678112231,215.0,Clear,No,Yeshwanthpur::Yeshwanthpur Circle,0,0
2024-08-02,Yeshwanthpur,Yeshwanthpur Circle,13460.2,24.92676291446803,1.192290234178599,47.74584293463478,66.21950698123673,1.0,76.9204,63.52195551609832,72.89013267414745,88.4813439210885,207.4,Clear,No,Yeshwanthpur::Yeshwanthpur Circle,0,1
2024-08-03,Yeshwanthpur,Yeshwanthpur Circle,13235.4,29.853525828936057,1.15073893432656,45.79355530261084,64.33918378228765,1.0,76.4708,63.04650268365155,78.10645727032266,83.94883106105466,199.8,Clear,No,Yeshwanthpur::Yeshwanthpur Circle,0,1
2024-08-04,Yeshwanthpur,Yeshwanthpur Circle,13010.6,34.780288743404085,1.109187634474521,43.8412676705869,62.45886058333856,1.0,76.02120000000001,62.571049851204776,83.32278186649789,79.41631820102084,192.2,Clear,No,Yeshwanthpur::Yeshwanthpur Circle,0,1
2024-08-05,Yeshwanthpur,Yeshwanthpur Circle,12785.8,39.707051657872114,1.067636334622482,41.88898003856296,60.57853738438948,1.0,75.5716,62.095597018758006,88.5391064626731,74.88380534098701,184.6,Clear,No,Yeshwanthpur::Yeshwanthpur Circle,0,1
2024-08-06,Yeshwanthpur,Yeshwanthpur Circle,12561.0,44.63381457234014,1.026085034770443,39.936692406539024,58.69821418544039,1.0,75.122,61.62014418631124,93.75543105884832,70.35129248095319,177.0,Overcast,No,Yeshwanthpur::Yeshwanthpur Circle,0,0
2024-08-07,Yeshwanthpur,Yeshwanthpur Circle,13275.666666666666,40.13219871176502,1.033629972625636,41.0944018476499,65.04368303875856,1.0,76.55133333333333,49.952337644117726,89.42987156526682,67.10175228006935,185.0,Overcast,No,Yeshwanthpur::Yeshwanthpur Circle,0,1
2024-08-08,Yeshwanthpur,Yeshwanthpur Circle,13990.333333333334,35.63058285118991,1.0411749104808288,42.252111288760766,71.38915189207671,1.0,77.98066666666666,38.284531101924216,85.10431207168534,63.85221207918551,193.0,Overcast,No,Yeshwanthpur::Yeshwanthpur Circle,0,1
2024-08-09,Yeshwanthpur,Yeshwanthpur Circle,14705.0,31.128966990614785,1.0487198483360216,43.40982072987164,77.73462074539488,1.0,79.41,26.616724559730713,80.77875257810385,60.60267187830168,201.0,Rain,No,Yeshwanthpur::Yeshwanthpur Circle,0,0
